단어,개체명 인식,id,
[,O,#NAME?,
D,O,#NAME?,
ubu&#39,O,#NAME?,
;s,O,#NAME?,
 ,O,#NAME?,
travel,O,#NAME?,
 ,O,#NAME?,
vlog],O,#NAME?,
 ,O,#NAME?,
:,O,#NAME?,
 ,O,#NAME?,
수원,B_LOC,#NAME?,
 ,O,#NAME?,
행궁동,B_LOC,#NAME?,
 ,O,#NAME?,
브이로그💚,O,#NAME?,
 ,O,#NAME?,
|,O,#NAME?,
 ,O,#NAME?,
당일치기,O,#NAME?,
 ,O,#NAME?,
수원,B_LOC,#NAME?,
여행,O,#NAME?,
 ,O,#NAME?,
|,O,#NAME?,
 ,O,#NAME?,
방화수류정,B_TOR,#NAME?,
 ,O,#NAME?,
|,O,#NAME?,
 ,O,#NAME?,
온새미로,B_RES,#NAME?,
 ,O,#NAME?,
|,O,#NAME?,
 ,O,#NAME?,
소소한소품가게,B_TOR,#NAME?,
 ,O,#NAME?,
|,O,#NAME?,
 ,O,#NAME?,
팔레센트,B_CAF,#NAME?,
 ,O,#NAME?,
|,O,#NAME?,
 ,O,#NAME?,
플라잉수원,B_TOR,#NAME?,
 ,O,#NAME?,
|,O,#NAME?,
 ,O,#NAME?,
창룡문,B_TOR,#NAME?,
ㅡㅡㅡ,ㅡㅡㅡ,ㅡㅡㅡ,
vlog.,O,Z5VY3VvifPw,
 ,O,Z5VY3VvifPw,
혼자,O,Z5VY3VvifPw,
 ,O,Z5VY3VvifPw,
수원,B_LOC,Z5VY3VvifPw,
여행,O,Z5VY3VvifPw,
 ,O,Z5VY3VvifPw,
브이로그.,O,Z5VY3VvifPw,
 ,O,Z5VY3VvifPw,
보영만두,B_RES,Z5VY3VvifPw,
.,O,Z5VY3VvifPw,
 ,O,Z5VY3VvifPw,
장안문,B_TOR,Z5VY3VvifPw,
.,O,Z5VY3VvifPw,
 ,O,Z5VY3VvifPw,
수원,B_LOC,Z5VY3VvifPw,
 ,O,Z5VY3VvifPw,
소품샵,O,Z5VY3VvifPw,
 ,O,Z5VY3VvifPw,
추천.,O,Z5VY3VvifPw,
 ,O,Z5VY3VvifPw,
방화수류정,B_TOR,Z5VY3VvifPw,
.,O,Z5VY3VvifPw,
 ,O,Z5VY3VvifPw,
용연,B_TOR,Z5VY3VvifPw,
.,O,Z5VY3VvifPw,
 ,O,Z5VY3VvifPw,
수원시립아이파크미술관,B_TOR,Z5VY3VvifPw,
.,O,Z5VY3VvifPw,
ㅡㅡㅡ,ㅡㅡㅡ,ㅡㅡㅡ,
[vlog],O,23DvUQb3O14,
 ,O,23DvUQb3O14,
알차게,O,23DvUQb3O14,
 ,O,23DvUQb3O14,
돌아다닌,O,23DvUQb3O14,
 ,O,23DvUQb3O14,
수원,B_LOC,23DvUQb3O14,
 ,O,23DvUQb3O14,
행궁동,B_LOC,23DvUQb3O14,
 ,O,23DvUQb3O14,
브이로그,O,23DvUQb3O14,
 ,O,23DvUQb3O14,
l,O,23DvUQb3O14,
 ,O,23DvUQb3O14,
행궁동,B_LOC,23DvUQb3O14,
 ,O,23DvUQb3O14,
카페,O,23DvUQb3O14,
 ,O,23DvUQb3O14,
l,O,23DvUQb3O14,
 ,O,23DvUQb3O14,
소품샵,O,23DvUQb3O14,
 ,O,23DvUQb3O14,
l,O,23DvUQb3O14,
 ,O,23DvUQb3O14,
방화수류정,B_TOR,23DvUQb3O14,
 ,O,23DvUQb3O14,
l,O,23DvUQb3O14,
 ,O,23DvUQb3O14,
포토이즘,O,23DvUQb3O14,
ㅡㅡㅡ,ㅡㅡㅡ,ㅡㅡㅡ,
Vlog.,O,RNB49Vx2S2E,
 ,O,RNB49Vx2S2E,
감성,O,RNB49Vx2S2E,
 ,O,RNB49Vx2S2E,
가득,O,RNB49Vx2S2E,
 ,O,RNB49Vx2S2E,
눌러,O,RNB49Vx2S2E,
 ,O,RNB49Vx2S2E,
담은,O,RNB49Vx2S2E,
 ,O,RNB49Vx2S2E,
1박2일,O,RNB49Vx2S2E,
 ,O,RNB49Vx2S2E,
수원,B_LOC,RNB49Vx2S2E,
브이로그,O,RNB49Vx2S2E,
 ,O,RNB49Vx2S2E,
|,O,RNB49Vx2S2E,
 ,O,RNB49Vx2S2E,
광교,B_LOC,RNB49Vx2S2E,
 ,O,RNB49Vx2S2E,
앨리웨이,B_TOR,RNB49Vx2S2E,
에서,O,RNB49Vx2S2E,
 ,O,RNB49Vx2S2E,
데이트하는,O,RNB49Vx2S2E,
 ,O,RNB49Vx2S2E,
일상,O,RNB49Vx2S2E,
 ,O,RNB49Vx2S2E,
|,O,RNB49Vx2S2E,
 ,O,RNB49Vx2S2E,
책발전소,B_TOR,RNB49Vx2S2E,
",",O,RNB49Vx2S2E,
 ,O,RNB49Vx2S2E,
아우어베이커리,B_CAF,RNB49Vx2S2E,
",",O,RNB49Vx2S2E,
 ,O,RNB49Vx2S2E,
형훈텐동,B_RES,RNB49Vx2S2E,
",",O,RNB49Vx2S2E,
 ,O,RNB49Vx2S2E,
 ,O,RNB49Vx2S2E,
|,O,RNB49Vx2S2E,
 ,O,RNB49Vx2S2E,
수원,B_LOC,RNB49Vx2S2E,
여행,O,RNB49Vx2S2E,
 ,O,RNB49Vx2S2E,
|,O,RNB49Vx2S2E,
 ,O,RNB49Vx2S2E,
감성로그,O,RNB49Vx2S2E,
 ,O,RNB49Vx2S2E,
|,O,RNB49Vx2S2E,
 ,O,RNB49Vx2S2E,
일상,O,RNB49Vx2S2E,
ㅡㅡㅡ,ㅡㅡㅡ,ㅡㅡㅡ,
[데이트,O,oNybTP3r8hU,
 ,O,oNybTP3r8hU,
브이로그],O,oNybTP3r8hU,
 ,O,oNybTP3r8hU,
수원화성,B_TOR,oNybTP3r8hU,
 ,O,oNybTP3r8hU,
데이트🤍,O,oNybTP3r8hU,
 ,O,oNybTP3r8hU,
수원,B_LOC,oNybTP3r8hU,
 ,O,oNybTP3r8hU,
행궁동,B_LOC,oNybTP3r8hU,
 ,O,oNybTP3r8hU,
"나들이,",O,oNybTP3r8hU,
 ,O,oNybTP3r8hU,
방화수류정,B_TOR,oNybTP3r8hU,
 ,O,oNybTP3r8hU,
"피크닉,",O,oNybTP3r8hU,
 ,O,oNybTP3r8hU,
수원,B_LOC,oNybTP3r8hU,
 ,O,oNybTP3r8hU,
왕갈비,O,oNybTP3r8hU,
 ,O,oNybTP3r8hU,
"먹방,",O,oNybTP3r8hU,
 ,O,oNybTP3r8hU,
화성행궁,B_TOR,oNybTP3r8hU,
 ,O,oNybTP3r8hU,
야간,O,oNybTP3r8hU,
개장,O,oNybTP3r8hU,
ㅡㅡㅡ,ㅡㅡㅡ,ㅡㅡㅡ,
Vlog,O,aiIhKCcNCMk,
 ,O,aiIhKCcNCMk,
+,O,aiIhKCcNCMk,
 ,O,aiIhKCcNCMk,
행궁동,B_LOC,aiIhKCcNCMk,
 ,O,aiIhKCcNCMk,
카페투어,O,aiIhKCcNCMk,
 ,O,aiIhKCcNCMk,
데이트,O,aiIhKCcNCMk,
 ,O,aiIhKCcNCMk,
브이로그,O,aiIhKCcNCMk,
 ,O,aiIhKCcNCMk,
��,O,aiIhKCcNCMk,
 ,O,aiIhKCcNCMk,
/,O,aiIhKCcNCMk,
수원,B_LOC,aiIhKCcNCMk,
 ,O,aiIhKCcNCMk,
행궁동,B_LOC,aiIhKCcNCMk,
 ,O,aiIhKCcNCMk,
"맛집,",O,aiIhKCcNCMk,
 ,O,aiIhKCcNCMk,
"카페,",O,aiIhKCcNCMk,
 ,O,aiIhKCcNCMk,
방화,B_TOR,aiIhKCcNCMk,
수류정,I_TOR,aiIhKCcNCMk,
 ,O,aiIhKCcNCMk,
소품샵,O,aiIhKCcNCMk,
 ,O,aiIhKCcNCMk,
추천,O,aiIhKCcNCMk,
ㅡㅡㅡ,ㅡㅡㅡ,ㅡㅡㅡ,
일상,O,FI3gw921Css,
 ,O,FI3gw921Css,
브이로그,O,FI3gw921Css,
 ,O,FI3gw921Css,
|,O,FI3gw921Css,
 ,O,FI3gw921Css,
수원,B_LOC,FI3gw921Css,
 ,O,FI3gw921Css,
맛집,O,FI3gw921Css,
 ,O,FI3gw921Css,
나들이🚶‍♂|,O,FI3gw921Css,
 ,O,FI3gw921Css,
아르바이트,O,FI3gw921Css,
 ,O,FI3gw921Css,
브이로그,O,FI3gw921Css,
 ,O,FI3gw921Css,
|,O,FI3gw921Css,
ㅡㅡㅡ,ㅡㅡㅡ,ㅡㅡㅡ,
Vlogㅣ,O,osQhwfzCZFc,
9월,O,osQhwfzCZFc,
의,O,osQhwfzCZFc,
 ,O,osQhwfzCZFc,
3번째,O,osQhwfzCZFc,
 ,O,osQhwfzCZFc,
일상,O,osQhwfzCZFc,
 ,O,osQhwfzCZFc,
브이로그.,O,osQhwfzCZFc,
수원,B_LOC,osQhwfzCZFc,
카페.,O,osQhwfzCZFc,
라피에나카페,B_CAF,osQhwfzCZFc,
.,O,osQhwfzCZFc,
정지영커피,B_CAF,osQhwfzCZFc,
ghgm,B_CAF,osQhwfzCZFc,
카페,I_CAF,osQhwfzCZFc,
프렌치토스트샌드위치,O,osQhwfzCZFc,
.,O,osQhwfzCZFc,
ㅡㅡㅡ,ㅡㅡㅡ,ㅡㅡㅡ,
[,O,8XGGt9H0XoM,
VLOG하주,O,8XGGt9H0XoM,
],O,8XGGt9H0XoM,
 ,O,8XGGt9H0XoM,
행궁동,B_LOC,8XGGt9H0XoM,
에서,O,8XGGt9H0XoM,
 ,O,8XGGt9H0XoM,
8시간,O,8XGGt9H0XoM,
 ,O,8XGGt9H0XoM,
"보내기,",O,8XGGt9H0XoM,
 ,O,8XGGt9H0XoM,
함께해요,O,8XGGt9H0XoM,
 ,O,8XGGt9H0XoM,
��👣,O,8XGGt9H0XoM,
 ,O,8XGGt9H0XoM,
|,O,8XGGt9H0XoM,
 ,O,8XGGt9H0XoM,
수원브이로그,O,8XGGt9H0XoM,
 ,O,8XGGt9H0XoM,
|,O,8XGGt9H0XoM,
 ,O,8XGGt9H0XoM,
긱,O,8XGGt9H0XoM,
사,O,8XGGt9H0XoM,
 ,O,8XGGt9H0XoM,
룸메이트,O,8XGGt9H0XoM,
(였던),O,8XGGt9H0XoM,
 ,O,8XGGt9H0XoM,
와,O,8XGGt9H0XoM,
 ,O,8XGGt9H0XoM,
행리단길,B_TOR,8XGGt9H0XoM,
 ,O,8XGGt9H0XoM,
데이뜨,O,8XGGt9H0XoM,
 ,O,8XGGt9H0XoM,
ft.하은주연,O,8XGGt9H0XoM,
 ,O,8XGGt9H0XoM,
‎,O,8XGGt9H0XoM,
ㅡㅡㅡ,ㅡㅡㅡ,ㅡㅡㅡ,
Vlog)데이트,O,y2MP7foD4L4,
 ,O,y2MP7foD4L4,
브이로그•,O,y2MP7foD4L4,
커플,O,y2MP7foD4L4,
 ,O,y2MP7foD4L4,
브이로그•,O,y2MP7foD4L4,
수원,B_LOC,y2MP7foD4L4,
 ,O,y2MP7foD4L4,
행궁동,B_LOC,y2MP7foD4L4,
&amp;,O,y2MP7foD4L4,
광교,B_TOR,y2MP7foD4L4,
호수공원,I_TOR,y2MP7foD4L4,
데이트•,O,y2MP7foD4L4,
행궁동,B_LOC,y2MP7foD4L4,
 ,O,y2MP7foD4L4,
소품샵,O,y2MP7foD4L4,
 ,O,y2MP7foD4L4,
탭•인테리어,O,y2MP7foD4L4,
 ,O,y2MP7foD4L4,
소품•콜링우드•일상,O,y2MP7foD4L4,
 ,O,y2MP7foD4L4,
브이로그•,O,y2MP7foD4L4,
커플,O,y2MP7foD4L4,
 ,O,y2MP7foD4L4,
데이트코스•,O,y2MP7foD4L4,
커플,O,y2MP7foD4L4,
일상•,O,y2MP7foD4L4,
남자친구,O,y2MP7foD4L4,
의,O,y2MP7foD4L4,
 ,O,y2MP7foD4L4,
깜짝,O,y2MP7foD4L4,
 ,O,y2MP7foD4L4,
선물〰,O,y2MP7foD4L4,
ㅡㅡㅡ,ㅡㅡㅡ,ㅡㅡㅡ,
[VLOG],O,PbdfHhMCbok,
 ,O,PbdfHhMCbok,
감성,O,PbdfHhMCbok,
 ,O,PbdfHhMCbok,
가득,O,PbdfHhMCbok,
 ,O,PbdfHhMCbok,
담긴,O,PbdfHhMCbok,
 ,O,PbdfHhMCbok,
수원,B_LOC,PbdfHhMCbok,
 ,O,PbdfHhMCbok,
행궁동,B_LOC,PbdfHhMCbok,
 ,O,PbdfHhMCbok,
당일치기,O,PbdfHhMCbok,
 ,O,PbdfHhMCbok,
브이로그,O,PbdfHhMCbok,
 ,O,PbdfHhMCbok,
",",O,PbdfHhMCbok,
 ,O,PbdfHhMCbok,
행리단길,B_TOR,PbdfHhMCbok,
 ,O,PbdfHhMCbok,
꿀코스로,O,PbdfHhMCbok,
 ,O,PbdfHhMCbok,
함께해요!,O,PbdfHhMCbok,
 ,O,PbdfHhMCbok,
(,O,PbdfHhMCbok,
행궁동,B_LOC,PbdfHhMCbok,
 ,O,PbdfHhMCbok,
"맛집,",O,PbdfHhMCbok,
 ,O,PbdfHhMCbok,
행궁동,B_LOC,PbdfHhMCbok,
 ,O,PbdfHhMCbok,
루프탑,O,PbdfHhMCbok,
 ,O,PbdfHhMCbok,
"카페,",O,PbdfHhMCbok,
 ,O,PbdfHhMCbok,
운멜로랩,B_RES,PbdfHhMCbok,
",",O,PbdfHhMCbok,
 ,O,PbdfHhMCbok,
"소품샵,",O,PbdfHhMCbok,
 ,O,PbdfHhMCbok,
수원화성,B_TOR,PbdfHhMCbok,
),O,PbdfHhMCbok,
ㅡㅡㅡ,ㅡㅡㅡ,ㅡㅡㅡ,
[VLOG,O,3Ii0v5MDAnU,
 ,O,3Ii0v5MDAnU,
#3,O,3Ii0v5MDAnU,
],O,3Ii0v5MDAnU,
 ,O,3Ii0v5MDAnU,
수원,B_LOC,3Ii0v5MDAnU,
 ,O,3Ii0v5MDAnU,
브이로그ㅣ일상,O,3Ii0v5MDAnU,
 ,O,3Ii0v5MDAnU,
브이로그ㅣ,O,3Ii0v5MDAnU,
라프란스,B_RES,3Ii0v5MDAnU,
ㅣ,O,3Ii0v5MDAnU,
버드커피브루어스,B_CAF,3Ii0v5MDAnU,
ㅣ오피스텔,O,3Ii0v5MDAnU,
 ,O,3Ii0v5MDAnU,
자취,O,3Ii0v5MDAnU,
ㅡㅡㅡ,ㅡㅡㅡ,ㅡㅡㅡ,
일상,O,mc3rAJdPdrE,
 ,O,mc3rAJdPdrE,
브이로그,O,mc3rAJdPdrE,
 ,O,mc3rAJdPdrE,
|,O,mc3rAJdPdrE,
 ,O,mc3rAJdPdrE,
수원,B_LOC,mc3rAJdPdrE,
 ,O,mc3rAJdPdrE,
카페투어,O,mc3rAJdPdrE,
 ,O,mc3rAJdPdrE,
(,O,mc3rAJdPdrE,
제이엘6274,B_CAF,mc3rAJdPdrE,
",",O,mc3rAJdPdrE,
버드커피브루어스,B_CAF,mc3rAJdPdrE,
",",O,mc3rAJdPdrE,
라피에나,B_CAF,mc3rAJdPdrE,
",",O,mc3rAJdPdrE,
매트커피,B_CAF,mc3rAJdPdrE,
),O,mc3rAJdPdrE,
 ,O,mc3rAJdPdrE,
수원,B_LOC,mc3rAJdPdrE,
브이로그,O,mc3rAJdPdrE,
ㅡㅡㅡ,ㅡㅡㅡ,ㅡㅡㅡ,
친구,O,Ov2E1l9pi3Y,
들이랑,O,Ov2E1l9pi3Y,
 ,O,Ov2E1l9pi3Y,
기분전환,O,Ov2E1l9pi3Y,
 ,O,Ov2E1l9pi3Y,
행궁동,B_LOC,Ov2E1l9pi3Y,
 ,O,Ov2E1l9pi3Y,
나들이,O,Ov2E1l9pi3Y,
 ,O,Ov2E1l9pi3Y,
브이로그☁,O,Ov2E1l9pi3Y,
 ,O,Ov2E1l9pi3Y,
|,O,Ov2E1l9pi3Y,
 ,O,Ov2E1l9pi3Y,
수원,B_LOC,Ov2E1l9pi3Y,
 ,O,Ov2E1l9pi3Y,
행궁동,B_LOC,Ov2E1l9pi3Y,
",",O,Ov2E1l9pi3Y,
 ,O,Ov2E1l9pi3Y,
운멜로,B_RES,Ov2E1l9pi3Y,
",",O,Ov2E1l9pi3Y,
 ,O,Ov2E1l9pi3Y,
하이헤이호,B_CAF,Ov2E1l9pi3Y,
",",O,Ov2E1l9pi3Y,
 ,O,Ov2E1l9pi3Y,
비원,B_RES,Ov2E1l9pi3Y,
ㅡㅡㅡ,ㅡㅡㅡ,ㅡㅡㅡ,
쇼핑하러,O,2FlCtsthiDE,
 ,O,2FlCtsthiDE,
간,O,2FlCtsthiDE,
 ,O,2FlCtsthiDE,
수원,B_LOC,2FlCtsthiDE,
 ,O,2FlCtsthiDE,
브이로그,O,2FlCtsthiDE,
 ,O,2FlCtsthiDE,
|,O,2FlCtsthiDE,
 ,O,2FlCtsthiDE,
일상,O,2FlCtsthiDE,
 ,O,2FlCtsthiDE,
브이로그,O,2FlCtsthiDE,
 ,O,2FlCtsthiDE,
|,O,2FlCtsthiDE,
ㅡㅡㅡ,ㅡㅡㅡ,ㅡㅡㅡ,
[VLOG],O,Vt6xxImKREc,
 ,O,Vt6xxImKREc,
23살,O,Vt6xxImKREc,
 ,O,Vt6xxImKREc,
대학생,O,Vt6xxImKREc,
브이로그,O,Vt6xxImKREc,
 ,O,Vt6xxImKREc,
|,O,Vt6xxImKREc,
 ,O,Vt6xxImKREc,
일상브이로그,O,Vt6xxImKREc,
 ,O,Vt6xxImKREc,
|,O,Vt6xxImKREc,
 ,O,Vt6xxImKREc,
데이트브이로그,O,Vt6xxImKREc,
 ,O,Vt6xxImKREc,
|,O,Vt6xxImKREc,
 ,O,Vt6xxImKREc,
수원,B_LOC,Vt6xxImKREc,
 ,O,Vt6xxImKREc,
|,O,Vt6xxImKREc,
 ,O,Vt6xxImKREc,
행궁동,B_LOC,Vt6xxImKREc,
 ,O,Vt6xxImKREc,
|,O,Vt6xxImKREc,
 ,O,Vt6xxImKREc,
콜링우,B_CAF,Vt6xxImKREc,
드,I_CAF,Vt6xxImKREc,
 ,O,Vt6xxImKREc,
|,O,Vt6xxImKREc,
 ,O,Vt6xxImKREc,
오테이블,O,Vt6xxImKREc,
 ,O,Vt6xxImKREc,
|,O,Vt6xxImKREc,
 ,O,Vt6xxImKREc,
먹로그(,O,Vt6xxImKREc,
크로플,O,Vt6xxImKREc,
",",O,Vt6xxImKREc,
 ,O,Vt6xxImKREc,
휘낭시에,O,Vt6xxImKREc,
",",O,Vt6xxImKREc,
 ,O,Vt6xxImKREc,
명란오일파스타,O,Vt6xxImKREc,
",",O,Vt6xxImKREc,
 ,O,Vt6xxImKREc,
크림리조또,O,Vt6xxImKREc,
",",O,Vt6xxImKREc,
 ,O,Vt6xxImKREc,
버거킹,O,Vt6xxImKREc,
),O,Vt6xxImKREc,
ㅡㅡㅡ,ㅡㅡㅡ,ㅡㅡㅡ,
수원,B_LOC,apLB9-8uZeo,
여행브이로그,O,apLB9-8uZeo,
 ,O,apLB9-8uZeo,
|,O,apLB9-8uZeo,
 ,O,apLB9-8uZeo,
수원통닭 먹고싶어 떠난 여행,O,apLB9-8uZeo,
 ,O,apLB9-8uZeo,
��,O,apLB9-8uZeo,
 ,O,apLB9-8uZeo,
|,O,apLB9-8uZeo,
 ,O,apLB9-8uZeo,
1박2일,O,apLB9-8uZeo,
국내여행,O,apLB9-8uZeo,
 ,O,apLB9-8uZeo,
|,O,apLB9-8uZeo,
 ,O,apLB9-8uZeo,
코트야드메리어트호텔,O,apLB9-8uZeo,
 ,O,apLB9-8uZeo,
|,O,apLB9-8uZeo,
 ,O,apLB9-8uZeo,
진미통닭,B_RES,apLB9-8uZeo,
 ,O,apLB9-8uZeo,
|,O,apLB9-8uZeo,
 ,O,apLB9-8uZeo,
엉클스보라카이,B_RES,apLB9-8uZeo,
 ,O,apLB9-8uZeo,
|,O,apLB9-8uZeo,
 ,O,apLB9-8uZeo,
방화수류정,B_TOR,apLB9-8uZeo,
 ,O,apLB9-8uZeo,
|,O,apLB9-8uZeo,
 ,O,apLB9-8uZeo,
화성행궁,B_TOR,apLB9-8uZeo,
 ,O,apLB9-8uZeo,
|,O,apLB9-8uZeo,
 ,O,apLB9-8uZeo,
팔달문,B_TOR,apLB9-8uZeo,
 ,O,apLB9-8uZeo,
|,O,apLB9-8uZeo,
 ,O,apLB9-8uZeo,
커플,O,apLB9-8uZeo,
여행,O,apLB9-8uZeo,
ㅡㅡㅡ,ㅡㅡㅡ,ㅡㅡㅡ,
K-고2,O,fkXvyLhtkvo,
 ,O,fkXvyLhtkvo,
수원외고,O,fkXvyLhtkvo,
 ,O,fkXvyLhtkvo,
브이로그,O,fkXvyLhtkvo,
 ,O,fkXvyLhtkvo,
/,O,fkXvyLhtkvo,
 ,O,fkXvyLhtkvo,
04년생,O,fkXvyLhtkvo,
 ,O,fkXvyLhtkvo,
/,O,fkXvyLhtkvo,
 ,O,fkXvyLhtkvo,
수원외고,O,fkXvyLhtkvo,
 ,O,fkXvyLhtkvo,
/,O,fkXvyLhtkvo,
 ,O,fkXvyLhtkvo,
외고브이로그,O,fkXvyLhtkvo,
 ,O,fkXvyLhtkvo,
/,O,fkXvyLhtkvo,
 ,O,fkXvyLhtkvo,
외고생,O,fkXvyLhtkvo,
 ,O,fkXvyLhtkvo,
/,O,fkXvyLhtkvo,
 ,O,fkXvyLhtkvo,
학교브이로그,O,fkXvyLhtkvo,
ㅡㅡㅡ,ㅡㅡㅡ,ㅡㅡㅡ,
VLOG,O,UEXMVo3X-1E,
.빈틈없이,O,UEXMVo3X-1E,
 ,O,UEXMVo3X-1E,
돌아다닌,O,UEXMVo3X-1E,
 ,O,UEXMVo3X-1E,
일상,O,UEXMVo3X-1E,
 ,O,UEXMVo3X-1E,
브이로그ㅣ,O,UEXMVo3X-1E,
수원,B_LOC,UEXMVo3X-1E,
방문ㅣ,O,UEXMVo3X-1E,
방화수류정,B_TOR,UEXMVo3X-1E,
ㅣ,O,UEXMVo3X-1E,
정지영커피로스터즈,B_CAF,UEXMVo3X-1E,
ㅣ,O,UEXMVo3X-1E,
행궁애,B_RES,UEXMVo3X-1E,
ㅣ혼자,O,UEXMVo3X-1E,
 ,O,UEXMVo3X-1E,
영화ㅣ,O,UEXMVo3X-1E,
닭갈비,O,UEXMVo3X-1E,
ㅡㅡㅡ,ㅡㅡㅡ,ㅡㅡㅡ,
[vlog],O,pAmr8dzajcU,
 ,O,pAmr8dzajcU,
직장인,O,pAmr8dzajcU,
브이로그|일상,O,pAmr8dzajcU,
 ,O,pAmr8dzajcU,
브이로그|,O,pAmr8dzajcU,
수원,B_LOC,pAmr8dzajcU,
브이로그|,O,pAmr8dzajcU,
행궁동,B_LOC,pAmr8dzajcU,
맛집(,O,pAmr8dzajcU,
존앤진피자,B_RES,pAmr8dzajcU,
",",O,pAmr8dzajcU,
초안카페,B_CAF,pAmr8dzajcU,
)|먹방(,O,pAmr8dzajcU,
땀땀,B_RES,pAmr8dzajcU,
새들러하우스,B_CAF,pAmr8dzajcU,
",",O,pAmr8dzajcU,
뭉티기,O,pAmr8dzajcU,
",",O,pAmr8dzajcU,
엽떡,O,pAmr8dzajcU,
",",O,pAmr8dzajcU,
)|,O,pAmr8dzajcU,
간호사일상브이로그,O,pAmr8dzajcU,
ㅡㅡㅡ,ㅡㅡㅡ,ㅡㅡㅡ,
ㅣ,O,HrfeaVOEjaw,
대학생,O,HrfeaVOEjaw,
 ,O,HrfeaVOEjaw,
브이로그ㅣ,O,HrfeaVOEjaw,
17년차,O,HrfeaVOEjaw,
 ,O,HrfeaVOEjaw,
수원,B_LOC,HrfeaVOEjaw,
 ,O,HrfeaVOEjaw,
토박이와,O,HrfeaVOEjaw,
 ,O,HrfeaVOEjaw,
함께하는,O,HrfeaVOEjaw,
 ,O,HrfeaVOEjaw,
화성행궁,B_TOR,HrfeaVOEjaw,
ㅡㅡㅡ,ㅡㅡㅡ,ㅡㅡㅡ,
[VLOG],O,z-iW4y4IkwE,
 ,O,z-iW4y4IkwE,
수원,B_LOC,z-iW4y4IkwE,
 ,O,z-iW4y4IkwE,
행궁동,B_LOC,z-iW4y4IkwE,
 ,O,z-iW4y4IkwE,
데이트,O,z-iW4y4IkwE,
 ,O,z-iW4y4IkwE,
브이로그,O,z-iW4y4IkwE,
 ,O,z-iW4y4IkwE,
(,O,z-iW4y4IkwE,
행궁동,B_LOC,z-iW4y4IkwE,
 ,O,z-iW4y4IkwE,
"투어,",O,z-iW4y4IkwE,
 ,O,z-iW4y4IkwE,
행궁동,B_LOC,z-iW4y4IkwE,
 ,O,z-iW4y4IkwE,
"카페,",O,z-iW4y4IkwE,
 ,O,z-iW4y4IkwE,
"소품샵,",O,z-iW4y4IkwE,
 ,O,z-iW4y4IkwE,
"롱플레이어,",O,z-iW4y4IkwE,
 ,O,z-iW4y4IkwE,
플라잉수원,B_TOR,z-iW4y4IkwE,
",",O,z-iW4y4IkwE,
 ,O,z-iW4y4IkwE,
LP,O,z-iW4y4IkwE,
 ,O,z-iW4y4IkwE,
대량구매),O,z-iW4y4IkwE,
ㅡㅡㅡ,ㅡㅡㅡ,ㅡㅡㅡ,
[,O,A0OmlQnYa4A,
주말,O,A0OmlQnYa4A,
부부,O,A0OmlQnYa4A,
 ,O,A0OmlQnYa4A,
브이로그],O,A0OmlQnYa4A,
 ,O,A0OmlQnYa4A,
수원,B_LOC,A0OmlQnYa4A,
 ,O,A0OmlQnYa4A,
티철판요리,O,A0OmlQnYa4A,
 ,O,A0OmlQnYa4A,
|,O,A0OmlQnYa4A,
 ,O,A0OmlQnYa4A,
파스타,O,A0OmlQnYa4A,
먹기,O,A0OmlQnYa4A,
 ,O,A0OmlQnYa4A,
|,O,A0OmlQnYa4A,
 ,O,A0OmlQnYa4A,
광교호수공원,B_TOR,A0OmlQnYa4A,
 ,O,A0OmlQnYa4A,
산책,O,A0OmlQnYa4A,
ㅡㅡㅡ,ㅡㅡㅡ,ㅡㅡㅡ,
vlog.,O,ZA1YTeMyWNM,
수원,B_LOC,ZA1YTeMyWNM,
 ,O,ZA1YTeMyWNM,
브이로그,O,ZA1YTeMyWNM,
널담은,B_CAF,ZA1YTeMyWNM,
공간,I_CAF,ZA1YTeMyWNM,
 ,O,ZA1YTeMyWNM,
추천l,O,ZA1YTeMyWNM,
 ,O,ZA1YTeMyWNM,
1년 뒤,O,ZA1YTeMyWNM,
 ,O,ZA1YTeMyWNM,
나에게,O,ZA1YTeMyWNM,
 ,O,ZA1YTeMyWNM,
남기는,O,ZA1YTeMyWNM,
 ,O,ZA1YTeMyWNM,
편지l일상,O,ZA1YTeMyWNM,
 ,O,ZA1YTeMyWNM,
브이로그,O,ZA1YTeMyWNM,
 ,O,ZA1YTeMyWNM,
l,O,ZA1YTeMyWNM,
ㅡㅡㅡ,ㅡㅡㅡ,ㅡㅡㅡ,
VLOG,O,3gYHEWJgeVg,
 ,O,3gYHEWJgeVg,
|,O,3gYHEWJgeVg,
 ,O,3gYHEWJgeVg,
일상,O,3gYHEWJgeVg,
 ,O,3gYHEWJgeVg,
브이로그,O,3gYHEWJgeVg,
 ,O,3gYHEWJgeVg,
|,O,3gYHEWJgeVg,
 ,O,3gYHEWJgeVg,
서울,B_LOC,3gYHEWJgeVg,
에서,O,3gYHEWJgeVg,
 ,O,3gYHEWJgeVg,
수원,B_LOC,3gYHEWJgeVg,
까지,O,3gYHEWJgeVg,
 ,O,3gYHEWJgeVg,
운전,O,3gYHEWJgeVg,
 ,O,3gYHEWJgeVg,
|,O,3gYHEWJgeVg,
 ,O,3gYHEWJgeVg,
수원,B_LOC,3gYHEWJgeVg,
 ,O,3gYHEWJgeVg,
광교,B_TOR,3gYHEWJgeVg,
카페거리,I_TOR,3gYHEWJgeVg,
 ,O,3gYHEWJgeVg,
호수공원,B_TOR,3gYHEWJgeVg,
��,O,3gYHEWJgeVg,
 ,O,3gYHEWJgeVg,
|소품,O,3gYHEWJgeVg,
 ,O,3gYHEWJgeVg,
감성,O,3gYHEWJgeVg,
 ,O,3gYHEWJgeVg,
카페☕|,O,3gYHEWJgeVg,
 ,O,3gYHEWJgeVg,
초보운전🚘(?),O,3gYHEWJgeVg,
 ,O,3gYHEWJgeVg,
|,O,3gYHEWJgeVg,
 ,O,3gYHEWJgeVg,
감성타코,B_RES,3gYHEWJgeVg,
",",O,3gYHEWJgeVg,
 ,O,3gYHEWJgeVg,
YMMD,B_CAF,3gYHEWJgeVg,
ㅡㅡㅡ,ㅡㅡㅡ,ㅡㅡㅡ,
{VLOG}감성,O,0Jmj0XoNfcA,
 ,O,0Jmj0XoNfcA,
뿜뿜,O,0Jmj0XoNfcA,
 ,O,0Jmj0XoNfcA,
봄날,O,0Jmj0XoNfcA,
의,O,0Jmj0XoNfcA,
 ,O,0Jmj0XoNfcA,
수원,B_LOC,0Jmj0XoNfcA,
 ,O,0Jmj0XoNfcA,
행궁동,B_LOC,0Jmj0XoNfcA,
 ,O,0Jmj0XoNfcA,
브이로그🌹,O,0Jmj0XoNfcA,
오피큐알,B_RES,0Jmj0XoNfcA,
_,O,0Jmj0XoNfcA,
덕영올림,B_CAF,0Jmj0XoNfcA,
_,O,0Jmj0XoNfcA,
방화수류정,B_TOR,0Jmj0XoNfcA,
✨🌱,O,0Jmj0XoNfcA,
 ,O,0Jmj0XoNfcA,
(,O,0Jmj0XoNfcA,
feat,O,0Jmj0XoNfcA,
.,O,0Jmj0XoNfcA,
소영,O,0Jmj0XoNfcA,
),O,0Jmj0XoNfcA,
 ,O,0Jmj0XoNfcA,
|,O,0Jmj0XoNfcA,
 ,O,0Jmj0XoNfcA,
달빛할,O,0Jmj0XoNfcA,
 ,O,0Jmj0XoNfcA,
"때,",O,0Jmj0XoNfcA,
 ,O,0Jmj0XoNfcA,
빛,O,0Jmj0XoNfcA,
ㅡㅡㅡ,ㅡㅡㅡ,ㅡㅡㅡ,
수원,B_LOC,uY7p6FdYNfE,
 ,O,uY7p6FdYNfE,
행궁동,B_LOC,uY7p6FdYNfE,
 ,O,uY7p6FdYNfE,
브이로그,O,uY7p6FdYNfE,
 ,O,uY7p6FdYNfE,
|,O,uY7p6FdYNfE,
 ,O,uY7p6FdYNfE,
친구,O,uY7p6FdYNfE,
 ,O,uY7p6FdYNfE,
없는,O,uY7p6FdYNfE,
 ,O,uY7p6FdYNfE,
친구,O,uY7p6FdYNfE,
네,O,uY7p6FdYNfE,
 ,O,uY7p6FdYNfE,
집,O,uY7p6FdYNfE,
 ,O,uY7p6FdYNfE,
가기,O,uY7p6FdYNfE,
 ,O,uY7p6FdYNfE,
��,O,uY7p6FdYNfE,
 ,O,uY7p6FdYNfE,
&#39,O,uY7p6FdYNfE,
;,O,uY7p6FdYNfE,
행궁애,B_RES,uY7p6FdYNfE,
&#39,O,uY7p6FdYNfE,
;,O,uY7p6FdYNfE,
 ,O,uY7p6FdYNfE,
",",O,uY7p6FdYNfE,
 ,O,uY7p6FdYNfE,
&#39,O,uY7p6FdYNfE,
;,O,uY7p6FdYNfE,
 ,O,uY7p6FdYNfE,
정지영커피,B_CAF,uY7p6FdYNfE,
&#39,O,uY7p6FdYNfE,
;,O,uY7p6FdYNfE,
 ,O,uY7p6FdYNfE,
",",O,uY7p6FdYNfE,
 ,O,uY7p6FdYNfE,
인생네컷,O,uY7p6FdYNfE,
ㅡㅡㅡ,ㅡㅡㅡ,ㅡㅡㅡ,
[vlog],O,5NxNB1UDUA8,
 ,O,5NxNB1UDUA8,
23th,O,5NxNB1UDUA8,
 ,O,5NxNB1UDUA8,
나의,O,5NxNB1UDUA8,
 ,O,5NxNB1UDUA8,
생일,O,5NxNB1UDUA8,
 ,O,5NxNB1UDUA8,
브이로그,O,5NxNB1UDUA8,
 ,O,5NxNB1UDUA8,
2탄,O,5NxNB1UDUA8,
��💖,O,5NxNB1UDUA8,
 ,O,5NxNB1UDUA8,
+,O,5NxNB1UDUA8,
 ,O,5NxNB1UDUA8,
수원,B_LOC,5NxNB1UDUA8,
 ,O,5NxNB1UDUA8,
브이로그,O,5NxNB1UDUA8,
 ,O,5NxNB1UDUA8,
/,O,5NxNB1UDUA8,
 ,O,5NxNB1UDUA8,
수원,B_LOC,5NxNB1UDUA8,
 ,O,5NxNB1UDUA8,
도자기,O,5NxNB1UDUA8,
 ,O,5NxNB1UDUA8,
"공방🍶,",O,5NxNB1UDUA8,
 ,O,5NxNB1UDUA8,
수원,B_LOC,5NxNB1UDUA8,
 ,O,5NxNB1UDUA8,
피자,O,5NxNB1UDUA8,
 ,O,5NxNB1UDUA8,
"맛집,",O,5NxNB1UDUA8,
 ,O,5NxNB1UDUA8,
라피에나,B_CAF,5NxNB1UDUA8,
 ,O,5NxNB1UDUA8,
"카페,",O,5NxNB1UDUA8,
 ,O,5NxNB1UDUA8,
소품샵,O,5NxNB1UDUA8,
 ,O,5NxNB1UDUA8,
"추천,",O,5NxNB1UDUA8,
 ,O,5NxNB1UDUA8,
생일,O,5NxNB1UDUA8,
 ,O,5NxNB1UDUA8,
선물,O,5NxNB1UDUA8,
 ,O,5NxNB1UDUA8,
언박싱,O,5NxNB1UDUA8,
ㅡㅡㅡ,ㅡㅡㅡ,ㅡㅡㅡ,
vlog,O,IgP_BiiKZOg,
 ,O,IgP_BiiKZOg,
일상브이로그,O,IgP_BiiKZOg,
 ,O,IgP_BiiKZOg,
|,O,IgP_BiiKZOg,
 ,O,IgP_BiiKZOg,
수원,B_LOC,IgP_BiiKZOg,
펫쇼,O,IgP_BiiKZOg,
 ,O,IgP_BiiKZOg,
|,O,IgP_BiiKZOg,
 ,O,IgP_BiiKZOg,
광교호수공원,B_TOR,IgP_BiiKZOg,
ㅡㅡㅡ,ㅡㅡㅡ,ㅡㅡㅡ,
[여행브이로그],O,B6NVoiNlH9g,
 ,O,B6NVoiNlH9g,
수원,B_LOC,B6NVoiNlH9g,
 ,O,B6NVoiNlH9g,
당일치기,O,B6NVoiNlH9g,
 ,O,B6NVoiNlH9g,
-,O,B6NVoiNlH9g,
 ,O,B6NVoiNlH9g,
효원공원,B_TOR,B6NVoiNlH9g,
",",O,B6NVoiNlH9g,
 ,O,B6NVoiNlH9g,
월화원,B_TOR,B6NVoiNlH9g,
",",O,B6NVoiNlH9g,
 ,O,B6NVoiNlH9g,
방화수류정,B_TOR,B6NVoiNlH9g,
",",O,B6NVoiNlH9g,
 ,O,B6NVoiNlH9g,
수원화성,B_TOR,B6NVoiNlH9g,
",",O,B6NVoiNlH9g,
 ,O,B6NVoiNlH9g,
이나경,B_RES,B6NVoiNlH9g,
송탄부대찌개,I_RES,B6NVoiNlH9g,
 ,O,B6NVoiNlH9g,
/,O,B6NVoiNlH9g,
 ,O,B6NVoiNlH9g,
한남동,B_LOC,B6NVoiNlH9g,
 ,O,B6NVoiNlH9g,
-,O,B6NVoiNlH9g,
 ,O,B6NVoiNlH9g,
드,B_TOR,B6NVoiNlH9g,*
파운,I_TOR,B6NVoiNlH9g,*
드,O,B6NVoiNlH9g,
 ,O,B6NVoiNlH9g,
"쇼룸&amp;카페,",O,B6NVoiNlH9g,
 ,O,B6NVoiNlH9g,
사운즈한남,B_TOR,B6NVoiNlH9g,*
 ,O,B6NVoiNlH9g,
"서점,",O,B6NVoiNlH9g,
 ,O,B6NVoiNlH9g,
모카포트로,O,B6NVoiNlH9g,
 ,O,B6NVoiNlH9g,
커피,O,B6NVoiNlH9g,
내리는,O,B6NVoiNlH9g,
 ,O,B6NVoiNlH9g,
방법,O,B6NVoiNlH9g,
ㅡㅡㅡ,ㅡㅡㅡ,ㅡㅡㅡ,
VLOG,O,q3weXao7Qis,
 ,O,q3weXao7Qis,
⚾,O,q3weXao7Qis,
 ,O,q3weXao7Qis,
수원,B_LOC,q3weXao7Qis,
/,O,q3weXao7Qis,
서울,B_LOC,q3weXao7Qis,
 ,O,q3weXao7Qis,
1박2일,O,q3weXao7Qis,
 ,O,q3weXao7Qis,
브이로그,O,q3weXao7Qis,
 ,O,q3weXao7Qis,
(,O,q3weXao7Qis,
ft.삼성라이온즈,O,q3weXao7Qis,
 ,O,q3weXao7Qis,
선수,O,q3weXao7Qis,
들,O,q3weXao7Qis,
 ,O,q3weXao7Qis,
"싸인받기,",O,q3weXao7Qis,
 ,O,q3weXao7Qis,
수원KT위즈파크,B_LOC,q3weXao7Qis,
 ,O,q3weXao7Qis,
"출퇴근길,",O,q3weXao7Qis,
 ,O,q3weXao7Qis,
진미통닭,B_RES,q3weXao7Qis,
",",O,q3weXao7Qis,
 ,O,q3weXao7Qis,
보영만두,B_RES,q3weXao7Qis,
",",O,q3weXao7Qis,
 ,O,q3weXao7Qis,
김사부샤브샤브,B_RES,q3weXao7Qis,*
",",O,q3weXao7Qis,
 ,O,q3weXao7Qis,
아우프글렛,B_CAF,q3weXao7Qis,*
",",O,q3weXao7Qis,
 ,O,q3weXao7Qis,
남대문,B_RES,q3weXao7Qis,*
갈치조림,I_RES,q3weXao7Qis,*
),O,q3weXao7Qis,
ㅡㅡㅡ,ㅡㅡㅡ,ㅡㅡㅡ,
VLOG,O,AoyW5Fe5yI8,
 ,O,AoyW5Fe5yI8,
남자친구,O,AoyW5Fe5yI8,
와,O,AoyW5Fe5yI8,
 ,O,AoyW5Fe5yI8,
수원,B_LOC,AoyW5Fe5yI8,
 ,O,AoyW5Fe5yI8,
1박2일,O,AoyW5Fe5yI8,
 ,O,AoyW5Fe5yI8,
데이트,O,AoyW5Fe5yI8,
 ,O,AoyW5Fe5yI8,
브이로그,O,AoyW5Fe5yI8,
 ,O,AoyW5Fe5yI8,
|,O,AoyW5Fe5yI8,
 ,O,AoyW5Fe5yI8,
대포집,B_RES,AoyW5Fe5yI8,
후기,O,AoyW5Fe5yI8,
|,O,AoyW5Fe5yI8,
 ,O,AoyW5Fe5yI8,
행궁동,B_LOC,AoyW5Fe5yI8,
카페추천,O,AoyW5Fe5yI8,
ㅡㅡㅡ,ㅡㅡㅡ,ㅡㅡㅡ,
��SUW,O,RpiqGFhFAm8,
ON,O,RpiqGFhFAm8,
 ,O,RpiqGFhFAm8,
VLOG,O,RpiqGFhFAm8,
 ,O,RpiqGFhFAm8,
수원,B_LOC,RpiqGFhFAm8,
 ,O,RpiqGFhFAm8,
브이로그,O,RpiqGFhFAm8,
 ,O,RpiqGFhFAm8,
광교 앨리웨이,B_TOR,RpiqGFhFAm8,
에서,O,RpiqGFhFAm8,
 ,O,RpiqGFhFAm8,
수원행궁,B_TOR,RpiqGFhFAm8,
 ,O,RpiqGFhFAm8,
그리고,O,RpiqGFhFAm8,
 ,O,RpiqGFhFAm8,
또,O,RpiqGFhFAm8,
 ,O,RpiqGFhFAm8,
다시,O,RpiqGFhFAm8,
 ,O,RpiqGFhFAm8,
광교 호수공원,B_TOR,RpiqGFhFAm8,
 ,O,RpiqGFhFAm8,
(부제:,O,RpiqGFhFAm8,
 ,O,RpiqGFhFAm8,
광교의 늪,O,RpiqGFhFAm8,
),O,RpiqGFhFAm8,
ㅡㅡㅡ,ㅡㅡㅡ,ㅡㅡㅡ,
[Vlog/여행],O,Q4Kennv0fS4,
 ,O,Q4Kennv0fS4,
수원,B_LOC,Q4Kennv0fS4,
 ,O,Q4Kennv0fS4,
여행/,O,Q4Kennv0fS4,
 ,O,Q4Kennv0fS4,
수원,B_TOR,Q4Kennv0fS4,
화성,I_TOR,Q4Kennv0fS4,
/,O,Q4Kennv0fS4,
 ,O,Q4Kennv0fS4,
수원,B_LOC,Q4Kennv0fS4,
 ,O,Q4Kennv0fS4,
카페투어,O,Q4Kennv0fS4,
ㅡㅡㅡ,ㅡㅡㅡ,ㅡㅡㅡ,
수원,B_CAF,CZw2wi5qQq4,
��햇살맛집🌞카페,O,CZw2wi5qQq4,
 ,O,CZw2wi5qQq4,
혼자,O,CZw2wi5qQq4,
 ,O,CZw2wi5qQq4,
놀기,O,CZw2wi5qQq4,
 ,O,CZw2wi5qQq4,
"브이로그,",O,CZw2wi5qQq4,
 ,O,CZw2wi5qQq4,
키토스스튜디오,B_CAF,CZw2wi5qQq4,
",",O,CZw2wi5qQq4,
 ,O,CZw2wi5qQq4,
Suwo,O,CZw2wi5qQq4,
"n,",O,CZw2wi5qQq4,
 ,O,CZw2wi5qQq4,
C,O,CZw2wi5qQq4,
afe vlog,O,CZw2wi5qQq4,
",",O,CZw2wi5qQq4,
 ,O,CZw2wi5qQq4,
cafe,O,CZw2wi5qQq4,
 ,O,CZw2wi5qQq4,
tour,O,CZw2wi5qQq4,
ㅡㅡㅡ,ㅡㅡㅡ,ㅡㅡㅡ,
요즘,O,_coh8bsmzbs,
 ,O,_coh8bsmzbs,
핫하다는,O,_coh8bsmzbs,
 ,O,_coh8bsmzbs,
셀프스튜디오에,O,_coh8bsmzbs,
 ,O,_coh8bsmzbs,
다녀왔어요,O,_coh8bsmzbs,
 ,O,_coh8bsmzbs,
♡,O,_coh8bsmzbs,
 ,O,_coh8bsmzbs,
│,O,_coh8bsmzbs,
수원,B_TOR,_coh8bsmzbs,
화성,I_TOR,_coh8bsmzbs,
 ,O,_coh8bsmzbs,
브이로그,O,_coh8bsmzbs,
 ,O,_coh8bsmzbs,
셀프흑백사진관,O,_coh8bsmzbs,
ㅡㅡㅡ,ㅡㅡㅡ,ㅡㅡㅡ,
[vlog],O,11EpmIoqU5g,
 ,O,11EpmIoqU5g,
수원,B_LOC,11EpmIoqU5g,
 ,O,11EpmIoqU5g,
행궁동,B_LOC,11EpmIoqU5g,
 ,O,11EpmIoqU5g,
나들이,O,11EpmIoqU5g,
 ,O,11EpmIoqU5g,
브이로그,O,11EpmIoqU5g,
 ,O,11EpmIoqU5g,
��,O,11EpmIoqU5g,
 ,O,11EpmIoqU5g,
/,O,11EpmIoqU5g,
 ,O,11EpmIoqU5g,
팜투하녹,B_CAF,11EpmIoqU5g,
 ,O,11EpmIoqU5g,
/,O,11EpmIoqU5g,
 ,O,11EpmIoqU5g,
브로콜리숲,B_TOR,11EpmIoqU5g,
 ,O,11EpmIoqU5g,
/,O,11EpmIoqU5g,
 ,O,11EpmIoqU5g,
정지영커피,B_CAF,11EpmIoqU5g,
 ,O,11EpmIoqU5g,
/,O,11EpmIoqU5g,
 ,O,11EpmIoqU5g,
방화수류정,B_TOR,11EpmIoqU5g,
 ,O,11EpmIoqU5g,
��🍃🥦,O,11EpmIoqU5g,
ㅡㅡㅡ,ㅡㅡㅡ,ㅡㅡㅡ,
VLOG,O,kKTG37gJq_s,
.,O,kKTG37gJq_s,
 ,O,kKTG37gJq_s,
화성행궁,B_TOR,kKTG37gJq_s,
 ,O,kKTG37gJq_s,
데이트,O,kKTG37gJq_s,
 ,O,kKTG37gJq_s,
브이로그🍴,O,kKTG37gJq_s,
 ,O,kKTG37gJq_s,
수원,B_LOC,kKTG37gJq_s,
 ,O,kKTG37gJq_s,
행궁동,B_LOC,kKTG37gJq_s,
 ,O,kKTG37gJq_s,
데이트,O,kKTG37gJq_s,
 ,O,kKTG37gJq_s,
코스,O,kKTG37gJq_s,
 ,O,kKTG37gJq_s,
☕,O,kKTG37gJq_s,
행궁동,B_LOC,kKTG37gJq_s,
 ,O,kKTG37gJq_s,
카페,O,kKTG37gJq_s,
 ,O,kKTG37gJq_s,
&amp;,O,kKTG37gJq_s,
 ,O,kKTG37gJq_s,
행궁동,B_LOC,kKTG37gJq_s,
 ,O,kKTG37gJq_s,
맛집,O,kKTG37gJq_s,
 ,O,kKTG37gJq_s,
"추천,",O,kKTG37gJq_s,
 ,O,kKTG37gJq_s,
주말,O,kKTG37gJq_s,
 ,O,kKTG37gJq_s,
화성행궁,B_TOR,kKTG37gJq_s,
 ,O,kKTG37gJq_s,
vlog,O,kKTG37gJq_s,
ㅡㅡㅡ,ㅡㅡㅡ,ㅡㅡㅡ,
피크닉,O,2U1x75cOzkQ,
 ,O,2U1x75cOzkQ,
=,O,2U1x75cOzkQ,
 ,O,2U1x75cOzkQ,
한강,O,2U1x75cOzkQ,
?,O,2U1x75cOzkQ,
 ,O,2U1x75cOzkQ,
❌,O,2U1x75cOzkQ,
 ,O,2U1x75cOzkQ,
서울,B_LOC,2U1x75cOzkQ,
근교,O,2U1x75cOzkQ,
 ,O,2U1x75cOzkQ,
☘여행기분,O,2U1x75cOzkQ,
 ,O,2U1x75cOzkQ,
낼수있는,O,2U1x75cOzkQ,
 ,O,2U1x75cOzkQ,
방화수류정,B_TOR,2U1x75cOzkQ,
 ,O,2U1x75cOzkQ,
!,O,2U1x75cOzkQ,
 ,O,2U1x75cOzkQ,
행궁동,B_LOC,2U1x75cOzkQ,
 ,O,2U1x75cOzkQ,
수원,B_LOC,2U1x75cOzkQ,
데이트브이로그!!,O,2U1x75cOzkQ,
 ,O,2U1x75cOzkQ,
•,O,2U1x75cOzkQ,
 ,O,2U1x75cOzkQ,
셰프,B_RES,2U1x75cOzkQ,
스위트,I_RES,2U1x75cOzkQ,
 ,O,2U1x75cOzkQ,
•,O,2U1x75cOzkQ,
 ,O,2U1x75cOzkQ,
방화수류정,B_TOR,2U1x75cOzkQ,
맛집,O,2U1x75cOzkQ,
 ,O,2U1x75cOzkQ,
•,O,2U1x75cOzkQ,
 ,O,2U1x75cOzkQ,
방화수류정,B_TOR,2U1x75cOzkQ,
 ,O,2U1x75cOzkQ,
카페,O,2U1x75cOzkQ,
 ,O,2U1x75cOzkQ,
정지영커피로스터즈,B_CAF,2U1x75cOzkQ,
ㅡㅡㅡ,ㅡㅡㅡ,ㅡㅡㅡ,
수원화성,B_TOR,3FfXMd55GvU,
",",O,3FfXMd55GvU,
 ,O,3FfXMd55GvU,
화성행궁,B_TOR,3FfXMd55GvU,
 ,O,3FfXMd55GvU,
브이로그,O,3FfXMd55GvU,
ㅡㅡㅡ,ㅡㅡㅡ,ㅡㅡㅡ,
[vlog],O,IgL7GpGGbNE,
 ,O,IgL7GpGGbNE,
행궁동,B_LOC,IgL7GpGGbNE,
 ,O,IgL7GpGGbNE,
맛집&amp;카페로,O,IgL7GpGGbNE,
 ,O,IgL7GpGGbNE,
힐링한,O,IgL7GpGGbNE,
 ,O,IgL7GpGGbNE,
브이로그🌿(,O,IgL7GpGGbNE,
카자구루마,B_RES,IgL7GpGGbNE,
/,O,IgL7GpGGbNE,
정지영커피 로스터즈,B_CAF,IgL7GpGGbNE,
/,O,IgL7GpGGbNE,
방화수류정,B_TOR,IgL7GpGGbNE,
/,O,IgL7GpGGbNE,
수원화성,B_TOR,IgL7GpGGbNE,
/,O,IgL7GpGGbNE,
행궁동,B_LOC,IgL7GpGGbNE,
나들이),O,IgL7GpGGbNE,
ㅡㅡㅡ,ㅡㅡㅡ,ㅡㅡㅡ,
[VLOG],O,L0XsOxN7mwI,
 ,O,L0XsOxN7mwI,
자매브이로그,O,L0XsOxN7mwI,
 ,O,L0XsOxN7mwI,
I,O,L0XsOxN7mwI,
 ,O,L0XsOxN7mwI,
수원,B_LOC,L0XsOxN7mwI,
 ,O,L0XsOxN7mwI,
행궁동,B_LOC,L0XsOxN7mwI,
 ,O,L0XsOxN7mwI,
데이트,O,L0XsOxN7mwI,
 ,O,L0XsOxN7mwI,
꿀,O,L0XsOxN7mwI,
 ,O,L0XsOxN7mwI,
코스,O,L0XsOxN7mwI,
 ,O,L0XsOxN7mwI,
(,O,L0XsOxN7mwI,
 ,O,L0XsOxN7mwI,
방화수류정,B_TOR,L0XsOxN7mwI,
/,O,L0XsOxN7mwI,
행궁동,B_LOC,L0XsOxN7mwI,
카페/,O,L0XsOxN7mwI,
수원,B_LOC,L0XsOxN7mwI,
데이트,O,L0XsOxN7mwI,
 ,O,L0XsOxN7mwI,
[일상][,O,L0XsOxN7mwI,
영영,O,L0XsOxN7mwI,
자매,O,L0XsOxN7mwI,
],O,L0XsOxN7mwI,
ㅡㅡㅡ,ㅡㅡㅡ,ㅡㅡㅡ,
Ep.17,O,zNQIMITN_DY,
),O,zNQIMITN_DY,
 ,O,zNQIMITN_DY,
수원,B_LOC,zNQIMITN_DY,
 ,O,zNQIMITN_DY,
행궁동,B_LOC,zNQIMITN_DY,
 ,O,zNQIMITN_DY,
화성행궁,B_TOR,zNQIMITN_DY,
 ,O,zNQIMITN_DY,
브이로그,O,zNQIMITN_DY,
 ,O,zNQIMITN_DY,
/,O,zNQIMITN_DY,
 ,O,zNQIMITN_DY,
카페,O,zNQIMITN_DY,
 ,O,zNQIMITN_DY,
골목,O,zNQIMITN_DY,
 ,O,zNQIMITN_DY,
투어,O,zNQIMITN_DY,
 ,O,zNQIMITN_DY,
완전,O,zNQIMITN_DY,
 ,O,zNQIMITN_DY,
데이트코스,O,zNQIMITN_DY,
 ,O,zNQIMITN_DY,
인데...?,O,zNQIMITN_DY,
ㅡㅡㅡ,ㅡㅡㅡ,ㅡㅡㅡ,
행궁동,B_LOC,oQDcbyrbbhI,
 ,O,oQDcbyrbbhI,
카페,O,oQDcbyrbbhI,
 ,O,oQDcbyrbbhI,
/,O,oQDcbyrbbhI,
 ,O,oQDcbyrbbhI,
수원,B_LOC,oQDcbyrbbhI,
 ,O,oQDcbyrbbhI,
행궁동,B_LOC,oQDcbyrbbhI,
 ,O,oQDcbyrbbhI,
데이트,O,oQDcbyrbbhI,
 ,O,oQDcbyrbbhI,
브이로그,O,oQDcbyrbbhI,
 ,O,oQDcbyrbbhI,
/,O,oQDcbyrbbhI,
 ,O,oQDcbyrbbhI,
정지영,B_CAF,oQDcbyrbbhI,
커피 로스터즈,I_CAF,oQDcbyrbbhI,
 ,O,oQDcbyrbbhI,
/,O,oQDcbyrbbhI,
 ,O,oQDcbyrbbhI,
행궁길,B_LOC,oQDcbyrbbhI,
 ,O,oQDcbyrbbhI,
vlog,O,oQDcbyrbbhI,
ㅡㅡㅡ,ㅡㅡㅡ,ㅡㅡㅡ,
일상,O,HzYTSMLjf3M,
 ,O,HzYTSMLjf3M,
브이로그,O,HzYTSMLjf3M,
 ,O,HzYTSMLjf3M,
|,O,HzYTSMLjf3M,
 ,O,HzYTSMLjf3M,
수원,B_LOC,HzYTSMLjf3M,
 ,O,HzYTSMLjf3M,
행궁동,B_LOC,HzYTSMLjf3M,
 ,O,HzYTSMLjf3M,
나들이,O,HzYTSMLjf3M,
 ,O,HzYTSMLjf3M,
|,O,HzYTSMLjf3M,
 ,O,HzYTSMLjf3M,
방화수류정,B_TOR,HzYTSMLjf3M,
 ,O,HzYTSMLjf3M,
피크닉,O,HzYTSMLjf3M,
ㅡㅡㅡ,ㅡㅡㅡ,ㅡㅡㅡ,
vlog,O,5daPARPi9J8,
 ,O,5daPARPi9J8,
|,O,5daPARPi9J8,
 ,O,5daPARPi9J8,
혼자서,O,5daPARPi9J8,
 ,O,5daPARPi9J8,
잘먹고,O,5daPARPi9J8,
 ,O,5daPARPi9J8,
잘사는,O,5daPARPi9J8,
 ,O,5daPARPi9J8,
자취,O,5daPARPi9J8,
 ,O,5daPARPi9J8,
집밥,O,5daPARPi9J8,
 ,O,5daPARPi9J8,
브이로그,O,5daPARPi9J8,
 ,O,5daPARPi9J8,
|,O,5daPARPi9J8,
 ,O,5daPARPi9J8,
수원,B_RES,5daPARPi9J8,
코끼리만두,I_RES,5daPARPi9J8,
 ,O,5daPARPi9J8,
|,O,5daPARPi9J8,
 ,O,5daPARPi9J8,
수원,B_RES,5daPARPi9J8,
진미통닭,I_RES,5daPARPi9J8,
 ,O,5daPARPi9J8,
|,O,5daPARPi9J8,
 ,O,5daPARPi9J8,
집에서,O,5daPARPi9J8,
 ,O,5daPARPi9J8,
로메인,O,5daPARPi9J8,
",",O,5daPARPi9J8,
 ,O,5daPARPi9J8,
깻잎,O,5daPARPi9J8,
 ,O,5daPARPi9J8,
키우기,O,5daPARPi9J8,
 ,O,5daPARPi9J8,
|,O,5daPARPi9J8,
 ,O,5daPARPi9J8,
오리불고기,O,5daPARPi9J8,
 ,O,5daPARPi9J8,
|,O,5daPARPi9J8,
 ,O,5daPARPi9J8,
박막례,O,5daPARPi9J8,
 ,O,5daPARPi9J8,
비빔국수,O,5daPARPi9J8,
ㅡㅡㅡ,ㅡㅡㅡ,ㅡㅡㅡ,
suwon,O,ztJUVplxjos,
 ,O,ztJUVplxjos,
"브이로그,(",O,ztJUVplxjos,
수원은 예뻤다 편,O,ztJUVplxjos,
"),",O,ztJUVplxjos,
GRWM,O,ztJUVplxjos,
",",O,ztJUVplxjos,
수원화성,B_TOR,ztJUVplxjos,
"나들이,",O,ztJUVplxjos,
화성,B_TOR,ztJUVplxjos,
"맛집,",O,ztJUVplxjos,
정지영커피로스터즈,B_CAF,ztJUVplxjos,
",",O,ztJUVplxjos,
방화수류정,B_TOR,ztJUVplxjos,
",",O,ztJUVplxjos,
진미통닭,B_RES,ztJUVplxjos,
",",O,ztJUVplxjos,
오늘의착장,O,ztJUVplxjos,
",",O,ztJUVplxjos,
광교신도시,O,ztJUVplxjos,
ㅡㅡㅡ,ㅡㅡㅡ,ㅡㅡㅡ,
Vlog,O,hM3pV9fkM7U,
 ,O,hM3pV9fkM7U,
|,O,hM3pV9fkM7U,
 ,O,hM3pV9fkM7U,
일상,O,hM3pV9fkM7U,
 ,O,hM3pV9fkM7U,
"브이로그,",O,hM3pV9fkM7U,
 ,O,hM3pV9fkM7U,
수원,B_LOC,hM3pV9fkM7U,
 ,O,hM3pV9fkM7U,
행궁동,B_LOC,hM3pV9fkM7U,
 ,O,hM3pV9fkM7U,
"카페투어,",O,hM3pV9fkM7U,
 ,O,hM3pV9fkM7U,
패터슨커피,B_CAF,hM3pV9fkM7U,
",",O,hM3pV9fkM7U,
 ,O,hM3pV9fkM7U,
시즌잇,B_CAF,hM3pV9fkM7U,
 ,O,hM3pV9fkM7U,
소곤소곤카페&amp;샵,B_CAF,hM3pV9fkM7U,
ㅡㅡㅡ,ㅡㅡㅡ,ㅡㅡㅡ,
수원,B_TOR,HJ69xLAjcAY,
화성,I_TOR,HJ69xLAjcAY,
 ,O,HJ69xLAjcAY,
미니,O,HJ69xLAjcAY,
 ,O,HJ69xLAjcAY,
브이로그,O,HJ69xLAjcAY,
 ,O,HJ69xLAjcAY,
Suwon,O,HJ69xLAjcAY,
 ,O,HJ69xLAjcAY,
Hwasung,O,HJ69xLAjcAY,
 ,O,HJ69xLAjcAY,
mini,O,HJ69xLAjcAY,
 ,O,HJ69xLAjcAY,
vlog,O,HJ69xLAjcAY,
ㅡㅡㅡ,ㅡㅡㅡ,ㅡㅡㅡ,
☕카페 VLOG,O,XrnwJOtT9eU,
/카페,O,XrnwJOtT9eU,
사장,O,XrnwJOtT9eU,
님의 하루,O,XrnwJOtT9eU,
/개인카페/,O,XrnwJOtT9eU,
카페브이로그,O,XrnwJOtT9eU,
/,O,XrnwJOtT9eU,
수원카페,O,XrnwJOtT9eU,
 ,O,XrnwJOtT9eU,
/,O,XrnwJOtT9eU,
밍쇼커피,B_CAF,XrnwJOtT9eU,
[,O,XrnwJOtT9eU,
1080p,O,XrnwJOtT9eU,
],O,XrnwJOtT9eU,
ㅡㅡㅡ,ㅡㅡㅡ,ㅡㅡㅡ,
【감성,O,8pXDOB6EmFg,
 ,O,8pXDOB6EmFg,
브이로그】,O,8pXDOB6EmFg,
 ,O,8pXDOB6EmFg,
광교호수공원,B_TOR,8pXDOB6EmFg,
 ,O,8pXDOB6EmFg,
브이로그｜,O,8pXDOB6EmFg,
수원,B_LOC,8pXDOB6EmFg,
 ,O,8pXDOB6EmFg,
광교,B_LOC,8pXDOB6EmFg,
 ,O,8pXDOB6EmFg,
데이트,O,8pXDOB6EmFg,
 ,O,8pXDOB6EmFg,
【저무눈,O,8pXDOB6EmFg,
 ,O,8pXDOB6EmFg,
브이로그】,O,8pXDOB6EmFg,
ㅡㅡㅡ,ㅡㅡㅡ,ㅡㅡㅡ,
[vlog],O,VXWZmTTnLco,
 ,O,VXWZmTTnLco,
일상,O,VXWZmTTnLco,
 ,O,VXWZmTTnLco,
브이로그,O,VXWZmTTnLco,
 ,O,VXWZmTTnLco,
/,O,VXWZmTTnLco,
 ,O,VXWZmTTnLco,
수원,B_TOR,VXWZmTTnLco,
수산물시장,I_TOR,VXWZmTTnLco,
 ,O,VXWZmTTnLco,
킹크랩,O,VXWZmTTnLco,
 ,O,VXWZmTTnLco,
도다리,O,VXWZmTTnLco,
 ,O,VXWZmTTnLco,
/,O,VXWZmTTnLco,
 ,O,VXWZmTTnLco,
먹로그,O,VXWZmTTnLco,
 ,O,VXWZmTTnLco,
/,O,VXWZmTTnLco,
 ,O,VXWZmTTnLco,
수원,B_TOR,VXWZmTTnLco,
농수산물도매시장,I_TOR,VXWZmTTnLco,
ㅡㅡㅡ,ㅡㅡㅡ,ㅡㅡㅡ,
[Vlog],O,zzBuG5qJikg,
 ,O,zzBuG5qJikg,
수원,B_LOC,zzBuG5qJikg,
 ,O,zzBuG5qJikg,
행궁동,B_LOC,zzBuG5qJikg,
 ,O,zzBuG5qJikg,
당일치기,O,zzBuG5qJikg,
 ,O,zzBuG5qJikg,
브이로그,O,zzBuG5qJikg,
 ,O,zzBuG5qJikg,
��,O,zzBuG5qJikg,
 ,O,zzBuG5qJikg,
(,O,zzBuG5qJikg,
 ,O,zzBuG5qJikg,
feat_,O,zzBuG5qJikg,
콜링우드,B_CAF,zzBuG5qJikg,
카페,I_CAF,zzBuG5qJikg,
 ,O,zzBuG5qJikg,
|,O,zzBuG5qJikg,
 ,O,zzBuG5qJikg,
히얼유아,B_TOR,zzBuG5qJikg,
소품샵,I_TOR,zzBuG5qJikg,
 ,O,zzBuG5qJikg,
|,O,zzBuG5qJikg,
 ,O,zzBuG5qJikg,
포토이즘,O,zzBuG5qJikg,
 ,O,zzBuG5qJikg,
|,O,zzBuG5qJikg,
 ,O,zzBuG5qJikg,
신도시양조회,B_RES,zzBuG5qJikg,
펍,I_RES,zzBuG5qJikg,
 ,O,zzBuG5qJikg,
|,O,zzBuG5qJikg,
 ,O,zzBuG5qJikg,
어고흐,B_CAF,zzBuG5qJikg,
카페,I_CAF,zzBuG5qJikg,
 ,O,zzBuG5qJikg,
),O,zzBuG5qJikg,
ㅡㅡㅡ,ㅡㅡㅡ,ㅡㅡㅡ,
주말,O,ujNRfM9-354,
 ,O,ujNRfM9-354,
"브이로그,",O,ujNRfM9-354,
 ,O,ujNRfM9-354,
화성행궁,B_TOR,ujNRfM9-354,
 ,O,ujNRfM9-354,
야간,O,ujNRfM9-354,
개장,O,ujNRfM9-354,
 ,O,ujNRfM9-354,
/,O,ujNRfM9-354,
 ,O,ujNRfM9-354,
플라잉수원,B_TOR,ujNRfM9-354,
 ,O,ujNRfM9-354,
/,O,ujNRfM9-354,
 ,O,ujNRfM9-354,
창룡문,B_TOR,ujNRfM9-354,
 ,O,ujNRfM9-354,
/,O,ujNRfM9-354,
 ,O,ujNRfM9-354,
진미통닭,B_RES,ujNRfM9-354,
 ,O,ujNRfM9-354,
/,O,ujNRfM9-354,
 ,O,ujNRfM9-354,
가족,O,ujNRfM9-354,
나들이,O,ujNRfM9-354,
ㅡㅡㅡ,ㅡㅡㅡ,ㅡㅡㅡ,
(Sub),O,dhprdoK3FBI,
 ,O,dhprdoK3FBI,
Vlog,O,dhprdoK3FBI,
 ,O,dhprdoK3FBI,
일상,O,dhprdoK3FBI,
 ,O,dhprdoK3FBI,
브이로그,O,dhprdoK3FBI,
 ,O,dhprdoK3FBI,
/,O,dhprdoK3FBI,
 ,O,dhprdoK3FBI,
고향에서,O,dhprdoK3FBI,
 ,O,dhprdoK3FBI,
보내는,O,dhprdoK3FBI,
 ,O,dhprdoK3FBI,
일상,O,dhprdoK3FBI,
 ,O,dhprdoK3FBI,
/,O,dhprdoK3FBI,
 ,O,dhprdoK3FBI,
주말,O,dhprdoK3FBI,
 ,O,dhprdoK3FBI,
드라이브,O,dhprdoK3FBI,
 ,O,dhprdoK3FBI,
/,O,dhprdoK3FBI,
 ,O,dhprdoK3FBI,
수원행궁,B_TOR,dhprdoK3FBI,
 ,O,dhprdoK3FBI,
/,O,dhprdoK3FBI,
 ,O,dhprdoK3FBI,
노을이,O,dhprdoK3FBI,
 ,O,dhprdoK3FBI,
빠지지,O,dhprdoK3FBI,
 ,O,dhprdoK3FBI,
않는,O,dhprdoK3FBI,
 ,O,dhprdoK3FBI,
하루,O,dhprdoK3FBI,
들,O,dhprdoK3FBI,
ㅡㅡㅡ,ㅡㅡㅡ,ㅡㅡㅡ,
V,O,u0fZKkBZ-Mo,
LOG),O,u0fZKkBZ-Mo,
 ,O,u0fZKkBZ-Mo,
친구,O,u0fZKkBZ-Mo,
들이랑,O,u0fZKkBZ-Mo,
 ,O,u0fZKkBZ-Mo,
수원,B_LOC,u0fZKkBZ-Mo,
 ,O,u0fZKkBZ-Mo,
행궁동,B_LOC,u0fZKkBZ-Mo,
 ,O,u0fZKkBZ-Mo,
카페투어,O,u0fZKkBZ-Mo,
 ,O,u0fZKkBZ-Mo,
브이로그,O,u0fZKkBZ-Mo,
 ,O,u0fZKkBZ-Mo,
��,O,u0fZKkBZ-Mo,
 ,O,u0fZKkBZ-Mo,
존앤진피자,B_RES,u0fZKkBZ-Mo,
펍,I_RES,u0fZKkBZ-Mo,
 ,O,u0fZKkBZ-Mo,
카페,O,u0fZKkBZ-Mo,
 ,O,u0fZKkBZ-Mo,
타포린,B_CAF,u0fZKkBZ-Mo,
 ,O,u0fZKkBZ-Mo,
노스목위닷파,B_CAF,u0fZKkBZ-Mo,
ㅡㅡㅡ,ㅡㅡㅡ,ㅡㅡㅡ,
[Vlog],O,GQHXQ3Oana4,
 ,O,GQHXQ3Oana4,
일상,O,GQHXQ3Oana4,
 ,O,GQHXQ3Oana4,
브이로그,O,GQHXQ3Oana4,
 ,O,GQHXQ3Oana4,
|,O,GQHXQ3Oana4,
 ,O,GQHXQ3Oana4,
수원,B_LOC,GQHXQ3Oana4,
 ,O,GQHXQ3Oana4,
방화수류정,B_TOR,GQHXQ3Oana4,
 ,O,GQHXQ3Oana4,
|,O,GQHXQ3Oana4,
 ,O,GQHXQ3Oana4,
카츠오모이,B_RES,GQHXQ3Oana4,
 ,O,GQHXQ3Oana4,
|,O,GQHXQ3Oana4,
 ,O,GQHXQ3Oana4,
김포,B_LOC,GQHXQ3Oana4,
 ,O,GQHXQ3Oana4,
라베니체,B_TOR,GQHXQ3Oana4,*
 ,O,GQHXQ3Oana4,
|,O,GQHXQ3Oana4,
 ,O,GQHXQ3Oana4,
데이트,O,GQHXQ3Oana4,
 ,O,GQHXQ3Oana4,
|,O,GQHXQ3Oana4,
 ,O,GQHXQ3Oana4,
직장인,O,GQHXQ3Oana4,
 ,O,GQHXQ3Oana4,
|,O,GQHXQ3Oana4,
 ,O,GQHXQ3Oana4,
먹방,O,GQHXQ3Oana4,
ㅡㅡㅡ,ㅡㅡㅡ,ㅡㅡㅡ,
��피크닉,O,7KuTh4ud81Y,
 ,O,7KuTh4ud81Y,
브이로그ㅣ도시락,O,7KuTh4ud81Y,
 ,O,7KuTh4ud81Y,
싸서,O,7KuTh4ud81Y,
 ,O,7KuTh4ud81Y,
수원,B_LOC,7KuTh4ud81Y,
 ,O,7KuTh4ud81Y,
방화수류정,B_TOR,7KuTh4ud81Y,
에서,O,7KuTh4ud81Y,
 ,O,7KuTh4ud81Y,
피크닉,O,7KuTh4ud81Y,
 ,O,7KuTh4ud81Y,
즐기기🌿ㅣ,O,7KuTh4ud81Y,
헬로샤인트립,O,7KuTh4ud81Y,
ㅣ,O,7KuTh4ud81Y,
꽃,O,7KuTh4ud81Y,
도,O,7KuTh4ud81Y,
 ,O,7KuTh4ud81Y,
주는,O,7KuTh4ud81Y,
 ,O,7KuTh4ud81Y,
피크닉,O,7KuTh4ud81Y,
 ,O,7KuTh4ud81Y,
대여🌷,O,7KuTh4ud81Y,
ㅡㅡㅡ,ㅡㅡㅡ,ㅡㅡㅡ,
[VLOG],O,Kl5oNYlWQQI,
 ,O,Kl5oNYlWQQI,
카페,O,Kl5oNYlWQQI,
사장,O,Kl5oNYlWQQI,
 ,O,Kl5oNYlWQQI,
브이로그,O,Kl5oNYlWQQI,
 ,O,Kl5oNYlWQQI,
|,O,Kl5oNYlWQQI,
 ,O,Kl5oNYlWQQI,
초코케이크,O,Kl5oNYlWQQI,
 ,O,Kl5oNYlWQQI,
베이킹,O,Kl5oNYlWQQI,
 ,O,Kl5oNYlWQQI,
|,O,Kl5oNYlWQQI,
 ,O,Kl5oNYlWQQI,
수원,B_LOC,Kl5oNYlWQQI,
 ,O,Kl5oNYlWQQI,
행궁동,B_LOC,Kl5oNYlWQQI,
 ,O,Kl5oNYlWQQI,
투어,O,Kl5oNYlWQQI,
 ,O,Kl5oNYlWQQI,
|,O,Kl5oNYlWQQI,
 ,O,Kl5oNYlWQQI,
행궁동,B_LOC,Kl5oNYlWQQI,
 ,O,Kl5oNYlWQQI,
맛집,O,Kl5oNYlWQQI,
 ,O,Kl5oNYlWQQI,
|,O,Kl5oNYlWQQI,
 ,O,Kl5oNYlWQQI,
카페,O,Kl5oNYlWQQI,
 ,O,Kl5oNYlWQQI,
어고흐,B_CAF,Kl5oNYlWQQI,
 ,O,Kl5oNYlWQQI,
|,O,Kl5oNYlWQQI,
 ,O,Kl5oNYlWQQI,
카페,O,Kl5oNYlWQQI,
 ,O,Kl5oNYlWQQI,
온도룸,B_CAF,Kl5oNYlWQQI,
 ,O,Kl5oNYlWQQI,
|,O,Kl5oNYlWQQI,
 ,O,Kl5oNYlWQQI,
수원,B_LOC,Kl5oNYlWQQI,
 ,O,Kl5oNYlWQQI,
카페투어,O,Kl5oNYlWQQI,
 ,O,Kl5oNYlWQQI,
|,O,Kl5oNYlWQQI,
 ,O,Kl5oNYlWQQI,
수원,B_LOC,Kl5oNYlWQQI,
맛집,O,Kl5oNYlWQQI,
ㅡㅡㅡ,ㅡㅡㅡ,ㅡㅡㅡ,
[Vlog],O,JYMV9cy4Pg0,
 ,O,JYMV9cy4Pg0,
수원,B_LOC,JYMV9cy4Pg0,
 ,O,JYMV9cy4Pg0,
인계동,B_LOC,JYMV9cy4Pg0,
 ,O,JYMV9cy4Pg0,
브이로그🍹ㅣ,O,JYMV9cy4Pg0,
수원,B_LOC,JYMV9cy4Pg0,
칵테일,O,JYMV9cy4Pg0,
바ㅣ,O,JYMV9cy4Pg0,
인계동,B_LOC,JYMV9cy4Pg0,
술집ㅣ,O,JYMV9cy4Pg0,
더티래빗,B_RES,JYMV9cy4Pg0,
ㅣ,O,JYMV9cy4Pg0,
1943,O,JYMV9cy4Pg0,
ㅡㅡㅡ,ㅡㅡㅡ,ㅡㅡㅡ,
[VLOG],O,eCv3Ky4WB0g,
 ,O,eCv3Ky4WB0g,
수원,B_LOC,eCv3Ky4WB0g,
 ,O,eCv3Ky4WB0g,
행궁동,B_LOC,eCv3Ky4WB0g,
 ,O,eCv3Ky4WB0g,
나들이,O,eCv3Ky4WB0g,
 ,O,eCv3Ky4WB0g,
브이로그🤎,O,eCv3Ky4WB0g,
 ,O,eCv3Ky4WB0g,
|,O,eCv3Ky4WB0g,
 ,O,eCv3Ky4WB0g,
행궁동,B_LOC,eCv3Ky4WB0g,
 ,O,eCv3Ky4WB0g,
카페,O,eCv3Ky4WB0g,
 ,O,eCv3Ky4WB0g,
|,O,eCv3Ky4WB0g,
 ,O,eCv3Ky4WB0g,
포토이즘,O,eCv3Ky4WB0g,
 ,O,eCv3Ky4WB0g,
|,O,eCv3Ky4WB0g,
 ,O,eCv3Ky4WB0g,
방화수류정,B_TOR,eCv3Ky4WB0g,
ㅡㅡㅡ,ㅡㅡㅡ,ㅡㅡㅡ,
수원,B_LOC,8bVl_RvptUI,
 ,O,8bVl_RvptUI,
브이로그.,O,8bVl_RvptUI,
 ,O,8bVl_RvptUI,
행궁동,B_LOC,8bVl_RvptUI,
 ,O,8bVl_RvptUI,
나들이,O,8bVl_RvptUI,
 ,O,8bVl_RvptUI,
(,O,8bVl_RvptUI,
남문,O,8bVl_RvptUI,
 ,O,8bVl_RvptUI,
맛집,O,8bVl_RvptUI,
 ,O,8bVl_RvptUI,
삼춘옥,B_RES,8bVl_RvptUI,
",",O,8bVl_RvptUI,
 ,O,8bVl_RvptUI,
수원,B_LOC,8bVl_RvptUI,
 ,O,8bVl_RvptUI,
행궁동,B_LOC,8bVl_RvptUI,
 ,O,8bVl_RvptUI,
카페,O,8bVl_RvptUI,
 ,O,8bVl_RvptUI,
콜링우드,B_CAF,8bVl_RvptUI,
",",O,8bVl_RvptUI,
 ,O,8bVl_RvptUI,
방화수류정,B_TOR,8bVl_RvptUI,
",",O,8bVl_RvptUI,
 ,O,8bVl_RvptUI,
통닭,O,8bVl_RvptUI,
거리,O,8bVl_RvptUI,
 ,O,8bVl_RvptUI,
용성통닭,B_RES,8bVl_RvptUI,
),O,8bVl_RvptUI,
ㅡㅡㅡ,ㅡㅡㅡ,ㅡㅡㅡ,
VLOG],O,pBf5EtpAzbk,
수원,B_LOC,pBf5EtpAzbk,
"데이트코스,",O,pBf5EtpAzbk,
 ,O,pBf5EtpAzbk,
행궁동,B_LOC,pBf5EtpAzbk,
",",O,pBf5EtpAzbk,
화성,B_TOR,pBf5EtpAzbk,
",",O,pBf5EtpAzbk,
남문시장,B_TOR,pBf5EtpAzbk,
 ,O,pBf5EtpAzbk,
털이|,O,pBf5EtpAzbk,
주말,O,pBf5EtpAzbk,
브이로그,O,pBf5EtpAzbk,
ㅡㅡㅡ,ㅡㅡㅡ,ㅡㅡㅡ,
[,O,k9U8ZOc5P40,
VLOG,O,k9U8ZOc5P40,
],O,k9U8ZOc5P40,
일상브이로그,O,k9U8ZOc5P40,
/,O,k9U8ZOc5P40,
수원화성,B_TOR,k9U8ZOc5P40,
/,O,k9U8ZOc5P40,
쥬시,O,k9U8ZOc5P40,
/,O,k9U8ZOc5P40,
수원,B_LOC,k9U8ZOc5P40,
맛집/,O,k9U8ZOc5P40,
보영만두,B_RES,k9U8ZOc5P40,
/,O,k9U8ZOc5P40,
수원행궁,B_TOR,k9U8ZOc5P40,
/,O,k9U8ZOc5P40,
수원통닭거리,B_TOR,k9U8ZOc5P40,
/,O,k9U8ZOc5P40,
진미통닭,B_RES,k9U8ZOc5P40,
/,O,k9U8ZOc5P40,
어고흐,B_CAF,k9U8ZOc5P40,
/,O,k9U8ZOc5P40,
루미큐브,O,k9U8ZOc5P40,
ㅡㅡㅡ,ㅡㅡㅡ,ㅡㅡㅡ,
행궁동,B_LOC,AzJ_csBp5Zo,
 ,O,AzJ_csBp5Zo,
카페,O,AzJ_csBp5Zo,
 ,O,AzJ_csBp5Zo,
브이로그,O,AzJ_csBp5Zo,
 ,O,AzJ_csBp5Zo,
|,O,AzJ_csBp5Zo,
 ,O,AzJ_csBp5Zo,
수원,B_LOC,AzJ_csBp5Zo,
 ,O,AzJ_csBp5Zo,
데이트,O,AzJ_csBp5Zo,
 ,O,AzJ_csBp5Zo,
추천,O,AzJ_csBp5Zo,
 ,O,AzJ_csBp5Zo,
장소,O,AzJ_csBp5Zo,
 ,O,AzJ_csBp5Zo,
|,O,AzJ_csBp5Zo,
 ,O,AzJ_csBp5Zo,
모나미카레,B_RES,AzJ_csBp5Zo,
",",O,AzJ_csBp5Zo,
 ,O,AzJ_csBp5Zo,
하이헤이호,B_CAF,AzJ_csBp5Zo,
",",O,AzJ_csBp5Zo,
 ,O,AzJ_csBp5Zo,
오카롱,B_CAF,AzJ_csBp5Zo,
ㅡㅡㅡ,ㅡㅡㅡ,ㅡㅡㅡ,
사업가,O,52MQOJDfn1o,
 ,O,52MQOJDfn1o,
브이로그ㅣ,O,52MQOJDfn1o,
수원시장,O,52MQOJDfn1o,
",",O,52MQOJDfn1o,
 ,O,52MQOJDfn1o,
수원시장,O,52MQOJDfn1o,
"맛집,",O,52MQOJDfn1o,
 ,O,52MQOJDfn1o,
"전통시장,",O,52MQOJDfn1o,
 ,O,52MQOJDfn1o,
코끼리만두,B_RES,52MQOJDfn1o,
",",O,52MQOJDfn1o,
 ,O,52MQOJDfn1o,
못골시장,B_TOR,52MQOJDfn1o,
",",O,52MQOJDfn1o,
 ,O,52MQOJDfn1o,
지동시장,B_TOR,52MQOJDfn1o,
",",O,52MQOJDfn1o,
 ,O,52MQOJDfn1o,
팔달문시장,B_TOR,52MQOJDfn1o,
",",O,52MQOJDfn1o,
 ,O,52MQOJDfn1o,
남문시장,B_TOR,52MQOJDfn1o,
",",O,52MQOJDfn1o,
 ,O,52MQOJDfn1o,
수원,B_LOC,52MQOJDfn1o,
"맛집,",O,52MQOJDfn1o,
 ,O,52MQOJDfn1o,
만두,O,52MQOJDfn1o,
맛집,O,52MQOJDfn1o,
ㅡㅡㅡ,ㅡㅡㅡ,ㅡㅡㅡ,
[VLOG],O,cJT5dXiljC4,
 ,O,cJT5dXiljC4,
��꿀잼보장🌟호캉스,O,cJT5dXiljC4,
 ,O,cJT5dXiljC4,
브이로그,O,cJT5dXiljC4,
 ,O,cJT5dXiljC4,
|,O,cJT5dXiljC4,
 ,O,cJT5dXiljC4,
스파와,O,cJT5dXiljC4,
 ,O,cJT5dXiljC4,
사우나까지!,O,cJT5dXiljC4,
 ,O,cJT5dXiljC4,
|,O,cJT5dXiljC4,
 ,O,cJT5dXiljC4,
수원화성,B_TOR,cJT5dXiljC4,
 ,O,cJT5dXiljC4,
여행,O,cJT5dXiljC4,
 ,O,cJT5dXiljC4,
|,O,cJT5dXiljC4,
 ,O,cJT5dXiljC4,
가성비갑,O,cJT5dXiljC4,
 ,O,cJT5dXiljC4,
호텔추천,O,cJT5dXiljC4,
ㅡㅡㅡ,ㅡㅡㅡ,ㅡㅡㅡ,
【감성,O,DK9LEQeLCVU,
 ,O,DK9LEQeLCVU,
브이로그】,O,DK9LEQeLCVU,
 ,O,DK9LEQeLCVU,
수원,B_LOC,DK9LEQeLCVU,
 ,O,DK9LEQeLCVU,
방화수류정,B_TOR,DK9LEQeLCVU,
 ,O,DK9LEQeLCVU,
데이트｜,O,DK9LEQeLCVU,
노을,O,DK9LEQeLCVU,
｜야경｜감성,O,DK9LEQeLCVU,
 ,O,DK9LEQeLCVU,
【저무눈,O,DK9LEQeLCVU,
 ,O,DK9LEQeLCVU,
브이로그】,O,DK9LEQeLCVU,
ㅡㅡㅡ,ㅡㅡㅡ,ㅡㅡㅡ,
[,O,XuiCUcWOGPs,
cafe vlog,O,XuiCUcWOGPs,
],O,XuiCUcWOGPs,
 ,O,XuiCUcWOGPs,
수원,B_LOC,XuiCUcWOGPs,
 ,O,XuiCUcWOGPs,
맛집,O,XuiCUcWOGPs,
 ,O,XuiCUcWOGPs,
촬영,O,XuiCUcWOGPs,
 ,O,XuiCUcWOGPs,
|,O,XuiCUcWOGPs,
 ,O,XuiCUcWOGPs,
카페디아즈,B_CAF,XuiCUcWOGPs,
 ,O,XuiCUcWOGPs,
|,O,XuiCUcWOGPs,
 ,O,XuiCUcWOGPs,
카페브이로그,O,XuiCUcWOGPs,
 ,O,XuiCUcWOGPs,
|,O,XuiCUcWOGPs,
 ,O,XuiCUcWOGPs,
딸기케이크,O,XuiCUcWOGPs,
 ,O,XuiCUcWOGPs,
|,O,XuiCUcWOGPs,
 ,O,XuiCUcWOGPs,
딸기,O,XuiCUcWOGPs,
 ,O,XuiCUcWOGPs,
디저트,O,XuiCUcWOGPs,
ㅡㅡㅡ,ㅡㅡㅡ,ㅡㅡㅡ,
vlog,O,eO7GqPDhJPI,
 ,O,eO7GqPDhJPI,
|,O,eO7GqPDhJPI,
 ,O,eO7GqPDhJPI,
수원,B_LOC,eO7GqPDhJPI,
에서의,O,eO7GqPDhJPI,
 ,O,eO7GqPDhJPI,
일주일,O,eO7GqPDhJPI,
 ,O,eO7GqPDhJPI,
|,O,eO7GqPDhJPI,
 ,O,eO7GqPDhJPI,
행궁동,B_LOC,eO7GqPDhJPI,
 ,O,eO7GqPDhJPI,
방화수류정,B_TOR,eO7GqPDhJPI,
 ,O,eO7GqPDhJPI,
|,O,eO7GqPDhJPI,
 ,O,eO7GqPDhJPI,
그냥..미팅하고,O,eO7GqPDhJPI,
 ,O,eO7GqPDhJPI,
한능검,O,eO7GqPDhJPI,
 ,O,eO7GqPDhJPI,
공부하는,O,eO7GqPDhJPI,
 ,O,eO7GqPDhJPI,
휴학생,O,eO7GqPDhJPI,
 ,O,eO7GqPDhJPI,
일상,O,eO7GqPDhJPI,
 ,O,eO7GqPDhJPI,
|,O,eO7GqPDhJPI,
 ,O,eO7GqPDhJPI,
성균관대,O,eO7GqPDhJPI,
 ,O,eO7GqPDhJPI,
디도,O,eO7GqPDhJPI,
 ,O,eO7GqPDhJPI,
|,O,eO7GqPDhJPI,
 ,O,eO7GqPDhJPI,
드라이브,O,eO7GqPDhJPI,
 ,O,eO7GqPDhJPI,
��,O,eO7GqPDhJPI,
 ,O,eO7GqPDhJPI,
|,O,eO7GqPDhJPI,
 ,O,eO7GqPDhJPI,
대학생,O,eO7GqPDhJPI,
 ,O,eO7GqPDhJPI,
브이로그,O,eO7GqPDhJPI,
 ,O,eO7GqPDhJPI,
|,O,eO7GqPDhJPI,
ㅡㅡㅡ,ㅡㅡㅡ,ㅡㅡㅡ,
[vlog]일상브이로그(장거리,O,Um-vajBVahs,
커플,O,Um-vajBVahs,
 ,O,Um-vajBVahs,
브이로그/데이트브이로그/,O,Um-vajBVahs,
수원광교,B_LOC,Um-vajBVahs,
/,O,Um-vajBVahs,
아쿠아플라넷 광교점,B_TOR,Um-vajBVahs,
/,O,Um-vajBVahs,
아쿠아리움,O,Um-vajBVahs,
/,O,Um-vajBVahs,
광교갤러리아,O,Um-vajBVahs,
),O,Um-vajBVahs,
ㅡㅡㅡ,ㅡㅡㅡ,ㅡㅡㅡ,
[맛집,O,EX_qtnKsdjI,
 ,O,EX_qtnKsdjI,
Vlog 브이로그,O,EX_qtnKsdjI,
],O,EX_qtnKsdjI,
 ,O,EX_qtnKsdjI,
수원,B_LOC,EX_qtnKsdjI,
토박이가,O,EX_qtnKsdjI,
 ,O,EX_qtnKsdjI,
추천하는,O,EX_qtnKsdjI,
 ,O,EX_qtnKsdjI,
만두,O,EX_qtnKsdjI,
맛집!,O,EX_qtnKsdjI,
 ,O,EX_qtnKsdjI,
-,O,EX_qtnKsdjI,
보영만두,B_RES,EX_qtnKsdjI,
 ,O,EX_qtnKsdjI,
리뷰,O,EX_qtnKsdjI,
ㅡㅡㅡ,ㅡㅡㅡ,ㅡㅡㅡ,
[,O,3Xj0LygdXB8,
일상브이로그,O,3Xj0LygdXB8,
],O,3Xj0LygdXB8,
 ,O,3Xj0LygdXB8,
#2,O,3Xj0LygdXB8,
 ,O,3Xj0LygdXB8,
/,O,3Xj0LygdXB8,
 ,O,3Xj0LygdXB8,
수원,B_LOC,3Xj0LygdXB8,
 ,O,3Xj0LygdXB8,
행궁동,B_LOC,3Xj0LygdXB8,
 ,O,3Xj0LygdXB8,
vlog,O,3Xj0LygdXB8,
 ,O,3Xj0LygdXB8,
:,O,3Xj0LygdXB8,
 ,O,3Xj0LygdXB8,
행궁동,B_LOC,3Xj0LygdXB8,
 ,O,3Xj0LygdXB8,
"투어,",O,3Xj0LygdXB8,
 ,O,3Xj0LygdXB8,
수원,B_TOR,3Xj0LygdXB8,
화성,I_TOR,3Xj0LygdXB8,
",",O,3Xj0LygdXB8,
 ,O,3Xj0LygdXB8,
정지영커피로스터즈,B_CAF,3Xj0LygdXB8,
",",O,3Xj0LygdXB8,
 ,O,3Xj0LygdXB8,
새마을식당,B_RES,3Xj0LygdXB8,
",",O,3Xj0LygdXB8,
 ,O,3Xj0LygdXB8,
카페,O,3Xj0LygdXB8,
 ,O,3Xj0LygdXB8,
밀실,B_CAF,3Xj0LygdXB8,
ㅡㅡㅡ,ㅡㅡㅡ,ㅡㅡㅡ,
[vlog]야구장데이트,O,DvVRCih_R9g,
 ,O,DvVRCih_R9g,
브이로그/,O,DvVRCih_R9g,
 ,O,DvVRCih_R9g,
수원야구장,O,DvVRCih_R9g,
가서,O,DvVRCih_R9g,
 ,O,DvVRCih_R9g,
kt,O,DvVRCih_R9g,
응원/,O,DvVRCih_R9g,
수원,B_LOC,DvVRCih_R9g,
명물,O,DvVRCih_R9g,
 ,O,DvVRCih_R9g,
진미통닭,B_RES,DvVRCih_R9g,
에,O,DvVRCih_R9g,
 ,O,DvVRCih_R9g,
맥주,O,DvVRCih_R9g,
ㅡㅡㅡ,ㅡㅡㅡ,ㅡㅡㅡ,
[Korea,O,UbWxdHsIZmE,
 ,O,UbWxdHsIZmE,
Vlog],O,UbWxdHsIZmE,
 ,O,UbWxdHsIZmE,
뉴요커,O,UbWxdHsIZmE,
들의,O,UbWxdHsIZmE,
 ,O,UbWxdHsIZmE,
수원,B_LOC,UbWxdHsIZmE,
 ,O,UbWxdHsIZmE,
행궁동,B_LOC,UbWxdHsIZmE,
 ,O,UbWxdHsIZmE,
데이트💖,O,UbWxdHsIZmE,
 ,O,UbWxdHsIZmE,
|,O,UbWxdHsIZmE,
 ,O,UbWxdHsIZmE,
방화수류정,B_TOR,UbWxdHsIZmE,
 ,O,UbWxdHsIZmE,
데이트,O,UbWxdHsIZmE,
 ,O,UbWxdHsIZmE,
|,O,UbWxdHsIZmE,
 ,O,UbWxdHsIZmE,
행궁동,B_LOC,UbWxdHsIZmE,
 ,O,UbWxdHsIZmE,
카페,O,UbWxdHsIZmE,
 ,O,UbWxdHsIZmE,
|,O,UbWxdHsIZmE,
 ,O,UbWxdHsIZmE,
운멜로,B_CAF,UbWxdHsIZmE,
 ,O,UbWxdHsIZmE,
|,O,UbWxdHsIZmE,
 ,O,UbWxdHsIZmE,
일상,O,UbWxdHsIZmE,
 ,O,UbWxdHsIZmE,
브이로그,O,UbWxdHsIZmE,
 ,O,UbWxdHsIZmE,
|,O,UbWxdHsIZmE,
 ,O,UbWxdHsIZmE,
Suwon,O,UbWxdHsIZmE,
 ,O,UbWxdHsIZmE,
|,O,UbWxdHsIZmE,
 ,O,UbWxdHsIZmE,
what,O,UbWxdHsIZmE,
 ,O,UbWxdHsIZmE,
to,O,UbWxdHsIZmE,
 ,O,UbWxdHsIZmE,
do,O,UbWxdHsIZmE,
 ,O,UbWxdHsIZmE,
in,O,UbWxdHsIZmE,
 ,O,UbWxdHsIZmE,
Korea,O,UbWxdHsIZmE,
ㅡㅡㅡ,ㅡㅡㅡ,ㅡㅡㅡ,
쉬는,O,70Y9rx0frIY,
 ,O,70Y9rx0frIY,
날,O,70Y9rx0frIY,
 ,O,70Y9rx0frIY,
vlog,O,70Y9rx0frIY,
 ,O,70Y9rx0frIY,
|,O,70Y9rx0frIY,
 ,O,70Y9rx0frIY,
수원,B_LOC,70Y9rx0frIY,
러의,O,70Y9rx0frIY,
 ,O,70Y9rx0frIY,
행궁동,B_LOC,70Y9rx0frIY,
 ,O,70Y9rx0frIY,
브이로그,O,70Y9rx0frIY,
 ,O,70Y9rx0frIY,
(,O,70Y9rx0frIY,
올라메히꼬,B_RES,70Y9rx0frIY,
",",O,70Y9rx0frIY,
 ,O,70Y9rx0frIY,
테이티드 카페,B_CAF,70Y9rx0frIY,
",",O,70Y9rx0frIY,
 ,O,70Y9rx0frIY,
포토이즘,O,70Y9rx0frIY,
 ,O,70Y9rx0frIY,
망해서 셀픽스,O,70Y9rx0frIY,
),O,70Y9rx0frIY,
ㅡㅡㅡ,ㅡㅡㅡ,ㅡㅡㅡ,
브이로그,O,xnIY7q_M72E,
 ,O,xnIY7q_M72E,
|,O,xnIY7q_M72E,
 ,O,xnIY7q_M72E,
Vlog,O,xnIY7q_M72E,
 ,O,xnIY7q_M72E,
|,O,xnIY7q_M72E,
수원,B_LOC,xnIY7q_M72E,
여행|,O,xnIY7q_M72E,
플라잉수원,B_TOR,xnIY7q_M72E,
|,O,xnIY7q_M72E,
열기구,O,xnIY7q_M72E,
|,O,xnIY7q_M72E,
수원화성,B_TOR,xnIY7q_M72E,
|뚜벅이여행|국내여행|우정여행,O,xnIY7q_M72E,
ㅡㅡㅡ,ㅡㅡㅡ,ㅡㅡㅡ,
수원,B_LOC,IuBsini4oLo,
 ,O,IuBsini4oLo,
화성행궁,B_TOR,IuBsini4oLo,
/,O,IuBsini4oLo,
추석,O,IuBsini4oLo,
브이로그,O,IuBsini4oLo,
ㅡㅡㅡ,ㅡㅡㅡ,ㅡㅡㅡ,
수원,B_LOC,mv5uecr41Vg,
 ,O,mv5uecr41Vg,
화성행궁,B_TOR,mv5uecr41Vg,
 ,O,mv5uecr41Vg,
:),O,mv5uecr41Vg,
 ,O,mv5uecr41Vg,
겨울,O,mv5uecr41Vg,
산책,O,mv5uecr41Vg,
 ,O,mv5uecr41Vg,
브이로그,O,mv5uecr41Vg,
 ,O,mv5uecr41Vg,
~❤,O,mv5uecr41Vg,
 ,O,mv5uecr41Vg,
수원,B_LOC,mv5uecr41Vg,
 ,O,mv5uecr41Vg,
가볼만한곳,O,mv5uecr41Vg,
ㅡㅡㅡ,ㅡㅡㅡ,ㅡㅡㅡ,
일상,O,PFJyP3wFfIM,
 ,O,PFJyP3wFfIM,
카페투어,O,PFJyP3wFfIM,
 ,O,PFJyP3wFfIM,
브이로그,O,PFJyP3wFfIM,
 ,O,PFJyP3wFfIM,
수원,B_TOR,PFJyP3wFfIM,
신동카페거리,I_TOR,PFJyP3wFfIM,
 ,O,PFJyP3wFfIM,
티라미수,O,PFJyP3wFfIM,
 ,O,PFJyP3wFfIM,
맛집,O,PFJyP3wFfIM,
 ,O,PFJyP3wFfIM,
카페,O,PFJyP3wFfIM,
 ,O,PFJyP3wFfIM,
프로마쥬블랑,B_CAF,PFJyP3wFfIM,
ㅡㅡㅡ,ㅡㅡㅡ,ㅡㅡㅡ,
수원,B_LOC,DcDUjfMbsDo,
에서,O,DcDUjfMbsDo,
 ,O,DcDUjfMbsDo,
유명한,O,DcDUjfMbsDo,
 ,O,DcDUjfMbsDo,
밀실,B_CAF,DcDUjfMbsDo,
이라는,O,DcDUjfMbsDo,
카페를,O,DcDUjfMbsDo,
 ,O,DcDUjfMbsDo,
아시나요?,O,DcDUjfMbsDo,
 ,O,DcDUjfMbsDo,
#브이로그,O,DcDUjfMbsDo,
 ,O,DcDUjfMbsDo,
#,O,DcDUjfMbsDo,
수원,B_LOC,DcDUjfMbsDo,
ㅡㅡㅡ,ㅡㅡㅡ,ㅡㅡㅡ,
국제,O,bQkw-Wl8qd4,
커플,O,bQkw-Wl8qd4,
|,O,bQkw-Wl8qd4,
 ,O,bQkw-Wl8qd4,
한일,O,bQkw-Wl8qd4,
커플,O,bQkw-Wl8qd4,
|,O,bQkw-Wl8qd4,
 ,O,bQkw-Wl8qd4,
한일,O,bQkw-Wl8qd4,
부부,O,bQkw-Wl8qd4,
|,O,bQkw-Wl8qd4,
 ,O,bQkw-Wl8qd4,
수원,B_LOC,bQkw-Wl8qd4,
 ,O,bQkw-Wl8qd4,
행궁동,B_LOC,bQkw-Wl8qd4,
 ,O,bQkw-Wl8qd4,
브이로그,O,bQkw-Wl8qd4,
 ,O,bQkw-Wl8qd4,
|,O,bQkw-Wl8qd4,
 ,O,bQkw-Wl8qd4,
방화수류정,B_TOR,bQkw-Wl8qd4,
 ,O,bQkw-Wl8qd4,
피크닉,O,bQkw-Wl8qd4,
 ,O,bQkw-Wl8qd4,
|,O,bQkw-Wl8qd4,
 ,O,bQkw-Wl8qd4,
화성행궁,B_TOR,bQkw-Wl8qd4,
 ,O,bQkw-Wl8qd4,
야간,O,bQkw-Wl8qd4,
개장,O,bQkw-Wl8qd4,
 ,O,bQkw-Wl8qd4,
|,O,bQkw-Wl8qd4,
 ,O,bQkw-Wl8qd4,
수원화성,B_TOR,bQkw-Wl8qd4,
 ,O,bQkw-Wl8qd4,
미디어아트쇼,O,bQkw-Wl8qd4,
ㅡㅡㅡ,ㅡㅡㅡ,ㅡㅡㅡ,
VLOG,O,DnEi8ahbgwc,
 ,O,DnEi8ahbgwc,
|,O,DnEi8ahbgwc,
 ,O,DnEi8ahbgwc,
수원,B_LOC,DnEi8ahbgwc,
 ,O,DnEi8ahbgwc,
행궁동,B_LOC,DnEi8ahbgwc,
"브이로그,",O,DnEi8ahbgwc,
 ,O,DnEi8ahbgwc,
방화수류정,B_TOR,DnEi8ahbgwc,
 ,O,DnEi8ahbgwc,
피크닉은,O,DnEi8ahbgwc,
 ,O,DnEi8ahbgwc,
필수💐,O,DnEi8ahbgwc,
 ,O,DnEi8ahbgwc,
",",O,DnEi8ahbgwc,
 ,O,DnEi8ahbgwc,
행리단길,B_TOR,DnEi8ahbgwc,
 ,O,DnEi8ahbgwc,
"카페,",O,DnEi8ahbgwc,
 ,O,DnEi8ahbgwc,
"소품샵,",O,DnEi8ahbgwc,
 ,O,DnEi8ahbgwc,
플라잉수원,B_TOR,DnEi8ahbgwc,
 ,O,DnEi8ahbgwc,
열기구,O,DnEi8ahbgwc,
"🎈,",O,DnEi8ahbgwc,
 ,O,DnEi8ahbgwc,
길냥이들,O,DnEi8ahbgwc,
 ,O,DnEi8ahbgwc,
"간식주기,",O,DnEi8ahbgwc,
 ,O,DnEi8ahbgwc,
일상브이로그,O,DnEi8ahbgwc,
ㅡㅡㅡ,ㅡㅡㅡ,ㅡㅡㅡ,
퇴사브이로그ep04,O,YaiOkG66EmY,
.,O,YaiOkG66EmY,
 ,O,YaiOkG66EmY,
휴가나온,O,YaiOkG66EmY,
 ,O,YaiOkG66EmY,
자매,O,YaiOkG66EmY,
님과,O,YaiOkG66EmY,
 ,O,YaiOkG66EmY,
데이트,O,YaiOkG66EmY,
 ,O,YaiOkG66EmY,
/,O,YaiOkG66EmY,
 ,O,YaiOkG66EmY,
수원,B_LOC,YaiOkG66EmY,
행궁동,B_LOC,YaiOkG66EmY,
 ,O,YaiOkG66EmY,
"산책,",O,YaiOkG66EmY,
 ,O,YaiOkG66EmY,
방화수류정,B_TOR,YaiOkG66EmY,
",",O,YaiOkG66EmY,
 ,O,YaiOkG66EmY,
광교,B_TOR,YaiOkG66EmY,
앨리웨이,I_TOR,YaiOkG66EmY,
(,O,YaiOkG66EmY,
성수미술관,B_TOR,YaiOkG66EmY,
",",O,YaiOkG66EmY,
 ,O,YaiOkG66EmY,
식물원,O,YaiOkG66EmY,
"),",O,YaiOkG66EmY,
 ,O,YaiOkG66EmY,
모녀,O,YaiOkG66EmY,
끼리,O,YaiOkG66EmY,
 ,O,YaiOkG66EmY,
술,O,YaiOkG66EmY,
 ,O,YaiOkG66EmY,
한잔,O,YaiOkG66EmY,
..,O,YaiOkG66EmY,
두잔,O,YaiOkG66EmY,
..,O,YaiOkG66EmY,
세잔,O,YaiOkG66EmY,
..🍻,O,YaiOkG66EmY,
ㅡㅡㅡ,ㅡㅡㅡ,ㅡㅡㅡ,
[VLOG,O,CS_ny8PtS8A,
 ,O,CS_ny8PtS8A,
브이로그],O,CS_ny8PtS8A,
 ,O,CS_ny8PtS8A,
#14,O,CS_ny8PtS8A,
 ,O,CS_ny8PtS8A,
일상기록(Daily,O,CS_ny8PtS8A,
 ,O,CS_ny8PtS8A,
moments),O,CS_ny8PtS8A,
 ,O,CS_ny8PtS8A,
|,O,CS_ny8PtS8A,
 ,O,CS_ny8PtS8A,
수원,B_LOC,CS_ny8PtS8A,
데이트♥,O,CS_ny8PtS8A,
 ,O,CS_ny8PtS8A,
|,O,CS_ny8PtS8A,
 ,O,CS_ny8PtS8A,
친구,O,CS_ny8PtS8A,
들,O,CS_ny8PtS8A,
 ,O,CS_ny8PtS8A,
만나기,O,CS_ny8PtS8A,
 ,O,CS_ny8PtS8A,
|,O,CS_ny8PtS8A,
 ,O,CS_ny8PtS8A,
커플케이스,O,CS_ny8PtS8A,
 ,O,CS_ny8PtS8A,
|,O,CS_ny8PtS8A,
 ,O,CS_ny8PtS8A,
운멜로랩,B_RES,CS_ny8PtS8A,
 ,O,CS_ny8PtS8A,
|,O,CS_ny8PtS8A,
 ,O,CS_ny8PtS8A,
브루와츠커피,B_CAF,CS_ny8PtS8A,
 ,O,CS_ny8PtS8A,
|,O,CS_ny8PtS8A,
 ,O,CS_ny8PtS8A,
심야영화,O,CS_ny8PtS8A,
 ,O,CS_ny8PtS8A,
|,O,CS_ny8PtS8A,
 ,O,CS_ny8PtS8A,
덮밥,O,CS_ny8PtS8A,
맛집,O,CS_ny8PtS8A,
 ,O,CS_ny8PtS8A,
|,O,CS_ny8PtS8A,
 ,O,CS_ny8PtS8A,
천원안주,O,CS_ny8PtS8A,
ㅡㅡㅡ,ㅡㅡㅡ,ㅡㅡㅡ,
[🏫,O,RBX-CD7a8Gk,
대학생,O,RBX-CD7a8Gk,
 ,O,RBX-CD7a8Gk,
브이로그],O,RBX-CD7a8Gk,
 ,O,RBX-CD7a8Gk,
��,O,RBX-CD7a8Gk,
행궁동,B_LOC,RBX-CD7a8Gk,
에서,O,RBX-CD7a8Gk,
 ,O,RBX-CD7a8Gk,
맞이하는,O,RBX-CD7a8Gk,
 ,O,RBX-CD7a8Gk,
봄,O,RBX-CD7a8Gk,
��,O,RBX-CD7a8Gk,
 ,O,RBX-CD7a8Gk,
(,O,RBX-CD7a8Gk,
수원화성,B_TOR,RBX-CD7a8Gk,
",",O,RBX-CD7a8Gk,
카페원모어,B_CAF,RBX-CD7a8Gk,
",",O,RBX-CD7a8Gk,
꽃처방,B_TOR,RBX-CD7a8Gk,
",",O,RBX-CD7a8Gk,
존앤진피자펍,B_RES,RBX-CD7a8Gk,
",",O,RBX-CD7a8Gk,
피맥,O,RBX-CD7a8Gk,
",",O,RBX-CD7a8Gk,
서장대,O,RBX-CD7a8Gk,
",",O,RBX-CD7a8Gk,
산책,O,RBX-CD7a8Gk,
),O,RBX-CD7a8Gk,
ㅡㅡㅡ,ㅡㅡㅡ,ㅡㅡㅡ,
[,O,P_NisWqam7k,
VLOG브이로그,O,P_NisWqam7k,
],O,P_NisWqam7k,
 ,O,P_NisWqam7k,
연대생,O,P_NisWqam7k,
의,O,P_NisWqam7k,
 ,O,P_NisWqam7k,
하루,O,P_NisWqam7k,
 ,O,P_NisWqam7k,
|,O,P_NisWqam7k,
 ,O,P_NisWqam7k,
대학생,O,P_NisWqam7k,
 ,O,P_NisWqam7k,
브이로그,O,P_NisWqam7k,
 ,O,P_NisWqam7k,
|,O,P_NisWqam7k,
 ,O,P_NisWqam7k,
나홀로,O,P_NisWqam7k,
 ,O,P_NisWqam7k,
수원,B_TOR,P_NisWqam7k,
화성,I_TOR,P_NisWqam7k,
 ,O,P_NisWqam7k,
|,O,P_NisWqam7k,
 ,O,P_NisWqam7k,
개강맞이,O,P_NisWqam7k,
 ,O,P_NisWqam7k,
브이로그,O,P_NisWqam7k,
 ,O,P_NisWqam7k,
|,O,P_NisWqam7k,
 ,O,P_NisWqam7k,
역사학,O,P_NisWqam7k,
을,O,P_NisWqam7k,
 ,O,P_NisWqam7k,
사랑하는,O,P_NisWqam7k,
 ,O,P_NisWqam7k,
정치외교학과,O,P_NisWqam7k,
 ,O,P_NisWqam7k,
대학생,O,P_NisWqam7k,
 ,O,P_NisWqam7k,
@,O,P_NisWqam7k,
연세대학교,O,P_NisWqam7k,
ㅡㅡㅡ,ㅡㅡㅡ,ㅡㅡㅡ,
[,O,5ZmIWgTaksA,
V,O,5ZmIWgTaksA,
LOG],O,5ZmIWgTaksA,
 ,O,5ZmIWgTaksA,
#,O,5ZmIWgTaksA,
13,O,5ZmIWgTaksA,
 ,O,5ZmIWgTaksA,
일상,O,5ZmIWgTaksA,
 ,O,5ZmIWgTaksA,
브이로그.,O,5ZmIWgTaksA,
 ,O,5ZmIWgTaksA,
수원,B_LOC,5ZmIWgTaksA,
 ,O,5ZmIWgTaksA,
행궁동,B_LOC,5ZmIWgTaksA,
 ,O,5ZmIWgTaksA,
행리단길,B_TOR,5ZmIWgTaksA,
 ,O,5ZmIWgTaksA,
핫플레이스/,O,5ZmIWgTaksA,
행궁동,B_LOC,5ZmIWgTaksA,
맛집/,O,5ZmIWgTaksA,
행궁동,B_LOC,5ZmIWgTaksA,
카페/,O,5ZmIWgTaksA,
정지영로스터즈,B_CAF,5ZmIWgTaksA,
/,O,5ZmIWgTaksA,
낭만셰프,B_RES,5ZmIWgTaksA,
ㅡㅡㅡ,ㅡㅡㅡ,ㅡㅡㅡ,
[ramiracle],O,M6aCnKmx5bk,
 ,O,M6aCnKmx5bk,
수원,B_LOC,M6aCnKmx5bk,
 ,O,M6aCnKmx5bk,
행궁동,B_LOC,M6aCnKmx5bk,
 ,O,M6aCnKmx5bk,
데이트,O,M6aCnKmx5bk,
 ,O,M6aCnKmx5bk,
브이로그🎶,O,M6aCnKmx5bk,
 ,O,M6aCnKmx5bk,
(,O,M6aCnKmx5bk,
행리단길,B_TOR,M6aCnKmx5bk,
",",O,M6aCnKmx5bk,
 ,O,M6aCnKmx5bk,
운멜로,B_RES,M6aCnKmx5bk,
",",O,M6aCnKmx5bk,
 ,O,M6aCnKmx5bk,
평지담,B_CAF,M6aCnKmx5bk,
",",O,M6aCnKmx5bk,
 ,O,M6aCnKmx5bk,
셀픽스,O,M6aCnKmx5bk,
),O,M6aCnKmx5bk,
ㅡㅡㅡ,ㅡㅡㅡ,ㅡㅡㅡ,
[VLOG],O,nt2Lup5EtWw,
 ,O,nt2Lup5EtWw,
창립기념일,O,nt2Lup5EtWw,
 ,O,nt2Lup5EtWw,
기념,O,nt2Lup5EtWw,
 ,O,nt2Lup5EtWw,
수원,B_LOC,nt2Lup5EtWw,
나들이🌿ㅣ,O,nt2Lup5EtWw,
행궁동,B_LOC,nt2Lup5EtWw,
 ,O,nt2Lup5EtWw,
브이로그ㅣ,O,nt2Lup5EtWw,
운멜로랩,B_RES,nt2Lup5EtWw,
ㅣ,O,nt2Lup5EtWw,
방화수류정,B_TOR,nt2Lup5EtWw,
ㅣ,O,nt2Lup5EtWw,
매트그린,B_CAF,nt2Lup5EtWw,
ㅣ,O,nt2Lup5EtWw,
화성행궁,B_TOR,nt2Lup5EtWw,
ㅡㅡㅡ,ㅡㅡㅡ,ㅡㅡㅡ,
[Vlog],O,0WzRpAQdpf4,
 ,O,0WzRpAQdpf4,
카페투어🖤,O,0WzRpAQdpf4,
 ,O,0WzRpAQdpf4,
수원,B_LOC,0WzRpAQdpf4,
"카페,",O,0WzRpAQdpf4,
월화원,B_TOR,0WzRpAQdpf4,
",",O,0WzRpAQdpf4,
직장인,O,0WzRpAQdpf4,
"브이로그,데일리룩,출근룩,",O,0WzRpAQdpf4,
도넛,O,0WzRpAQdpf4,
"맛집,데이트,",O,0WzRpAQdpf4,
디올,O,0WzRpAQdpf4,
ㅡㅡㅡ,ㅡㅡㅡ,ㅡㅡㅡ,
[,O,pqAabzQmOOM,
수원,B_LOC,pqAabzQmOOM,
],O,pqAabzQmOOM,
화성,B_TOR,pqAabzQmOOM,
브이로그,O,pqAabzQmOOM,
/,O,pqAabzQmOOM,
화성행궁,B_TOR,pqAabzQmOOM,
/,O,pqAabzQmOOM,
화서문,B_TOR,pqAabzQmOOM,
/,O,pqAabzQmOOM,
장안문,B_TOR,pqAabzQmOOM,
/,O,pqAabzQmOOM,
화홍문,B_TOR,pqAabzQmOOM,
/,O,pqAabzQmOOM,
방화수류정,B_TOR,pqAabzQmOOM,
/단일치기코스,O,pqAabzQmOOM,
ㅡㅡㅡ,ㅡㅡㅡ,ㅡㅡㅡ,
[맛집,O,25fR9kjDUaI,
 ,O,25fR9kjDUaI,
Vlog 브이로그,O,25fR9kjDUaI,
],O,25fR9kjDUaI,
 ,O,25fR9kjDUaI,
수원,B_LOC,25fR9kjDUaI,
 ,O,25fR9kjDUaI,
top5,O,25fR9kjDUaI,
 ,O,25fR9kjDUaI,
안에,O,25fR9kjDUaI,
 ,O,25fR9kjDUaI,
드는,O,25fR9kjDUaI,
 ,O,25fR9kjDUaI,
유명한,O,25fR9kjDUaI,
 ,O,25fR9kjDUaI,
갈,O,25fR9kjDUaI,
비집을,O,25fR9kjDUaI,
 ,O,25fR9kjDUaI,
갔어요,O,25fR9kjDUaI,
 ,O,25fR9kjDUaI,
-,O,25fR9kjDUaI,
 ,O,25fR9kjDUaI,
본수원,B_RES,25fR9kjDUaI,
갈비,I_RES,25fR9kjDUaI,
 ,O,25fR9kjDUaI,
리뷰,O,25fR9kjDUaI,
ㅡㅡㅡ,ㅡㅡㅡ,ㅡㅡㅡ,
suwo,O,Yw4kx59HEi0,
n,O,Yw4kx59HEi0,
 ,O,Yw4kx59HEi0,
"브이로그,(",O,Yw4kx59HEi0,
행궁동,B_LOC,Yw4kx59HEi0,
 ,O,Yw4kx59HEi0,
"알짜배기편),",O,Yw4kx59HEi0,
오늘의착장,O,Yw4kx59HEi0,
",",O,Yw4kx59HEi0,
수원,B_LOC,Yw4kx59HEi0,
"가서,",O,Yw4kx59HEi0,
운멜로랩,B_RES,Yw4kx59HEi0,
",",O,Yw4kx59HEi0,
파스타,O,Yw4kx59HEi0,
"맛집,카페투어,독립서점,",O,Yw4kx59HEi0,
아날로그,O,Yw4kx59HEi0,
"가게,",O,Yw4kx59HEi0,
LP,O,Yw4kx59HEi0,
",",O,Yw4kx59HEi0,
필름카메라,O,Yw4kx59HEi0,
ㅡㅡㅡ,ㅡㅡㅡ,ㅡㅡㅡ,
[커플브이로그],O,LtjQ6XY84CM,
 ,O,LtjQ6XY84CM,
수원시,B_LOC,LtjQ6XY84CM,
 ,O,LtjQ6XY84CM,
핫플,O,LtjQ6XY84CM,
 ,O,LtjQ6XY84CM,
데이트,O,LtjQ6XY84CM,
 ,O,LtjQ6XY84CM,
일상,O,LtjQ6XY84CM,
 ,O,LtjQ6XY84CM,
/,O,LtjQ6XY84CM,
 ,O,LtjQ6XY84CM,
화성행궁,B_TOR,LtjQ6XY84CM,
 ,O,LtjQ6XY84CM,
/,O,LtjQ6XY84CM,
 ,O,LtjQ6XY84CM,
광교호수공원,B_TOR,LtjQ6XY84CM,
 ,O,LtjQ6XY84CM,
/,O,LtjQ6XY84CM,
 ,O,LtjQ6XY84CM,
수원,B_RES,LtjQ6XY84CM,
왕갈비,I_RES,LtjQ6XY84CM,
 ,O,LtjQ6XY84CM,
/,O,LtjQ6XY84CM,
 ,O,LtjQ6XY84CM,
D+3144,O,LtjQ6XY84CM,
ㅡㅡㅡ,ㅡㅡㅡ,ㅡㅡㅡ,
[VLOG],O,VRibvwzByrA,
 ,O,VRibvwzByrA,
행궁동,B_LOC,VRibvwzByrA,
 ,O,VRibvwzByrA,
브이로그,O,VRibvwzByrA,
 ,O,VRibvwzByrA,
|,O,VRibvwzByrA,
 ,O,VRibvwzByrA,
행궁동,B_LOC,VRibvwzByrA,
 ,O,VRibvwzByrA,
맛집,O,VRibvwzByrA,
 ,O,VRibvwzByrA,
|,O,VRibvwzByrA,
 ,O,VRibvwzByrA,
행궁동,B_LOC,VRibvwzByrA,
 ,O,VRibvwzByrA,
카페,O,VRibvwzByrA,
 ,O,VRibvwzByrA,
|,O,VRibvwzByrA,
 ,O,VRibvwzByrA,
수원,B_LOC,VRibvwzByrA,
 ,O,VRibvwzByrA,
카페,O,VRibvwzByrA,
 ,O,VRibvwzByrA,
|,O,VRibvwzByrA,
 ,O,VRibvwzByrA,
수원,B_LOC,VRibvwzByrA,
 ,O,VRibvwzByrA,
맛집,O,VRibvwzByrA,
 ,O,VRibvwzByrA,
|,O,VRibvwzByrA,
 ,O,VRibvwzByrA,
슈나미,B_CAF,VRibvwzByrA,
 ,O,VRibvwzByrA,
|,O,VRibvwzByrA,
 ,O,VRibvwzByrA,
어고흐,B_CAF,VRibvwzByrA,
 ,O,VRibvwzByrA,
|,O,VRibvwzByrA,
 ,O,VRibvwzByrA,
살루드볼,B_RES,VRibvwzByrA,
 ,O,VRibvwzByrA,
|,O,VRibvwzByrA,
 ,O,VRibvwzByrA,
행궁동 샐러드,O,VRibvwzByrA,
 ,O,VRibvwzByrA,
행궁동,B_LOC,VRibvwzByrA,
 ,O,VRibvwzByrA,
데이트,O,VRibvwzByrA,
 ,O,VRibvwzByrA,
코스,O,VRibvwzByrA,
 ,O,VRibvwzByrA,
|,O,VRibvwzByrA,
ㅡㅡㅡ,ㅡㅡㅡ,ㅡㅡㅡ,
무드VLOG,O,f0iUIHANdDI,
 ,O,f0iUIHANdDI,
|,O,f0iUIHANdDI,
 ,O,f0iUIHANdDI,
주부,O,f0iUIHANdDI,
"브이로그,신혼일상,",O,f0iUIHANdDI,
수원,B_LOC,f0iUIHANdDI,
 ,O,f0iUIHANdDI,
행궁동,B_LOC,f0iUIHANdDI,
 ,O,f0iUIHANdDI,
모나미카레,B_RES,f0iUIHANdDI,
",",O,f0iUIHANdDI,
수원,B_LOC,f0iUIHANdDI,
 ,O,f0iUIHANdDI,
카페,O,f0iUIHANdDI,
 ,O,f0iUIHANdDI,
키코프,B_CAF,f0iUIHANdDI,
 ,O,f0iUIHANdDI,
커피스튜디오,B_CAF,f0iUIHANdDI,
 ,O,f0iUIHANdDI,
통족발,O,f0iUIHANdDI,
 ,O,f0iUIHANdDI,
썰어먹는,O,f0iUIHANdDI,
 ,O,f0iUIHANdDI,
주말,O,f0iUIHANdDI,
 ,O,f0iUIHANdDI,
일상,O,f0iUIHANdDI,
ㅡㅡㅡ,ㅡㅡㅡ,ㅡㅡㅡ,
2021.10.16,O,ixb_eOaSIPQ,
 ,O,ixb_eOaSIPQ,
수원화성,B_TOR,ixb_eOaSIPQ,
 ,O,ixb_eOaSIPQ,
가을,O,ixb_eOaSIPQ,
여행,O,ixb_eOaSIPQ,
 ,O,ixb_eOaSIPQ,
브이로그,O,ixb_eOaSIPQ,
ㅡㅡㅡ,ㅡㅡㅡ,ㅡㅡㅡ,
[vlog],O,hRYBLAjbEWo,
 ,O,hRYBLAjbEWo,
일상브이로그,O,hRYBLAjbEWo,
 ,O,hRYBLAjbEWo,
/,O,hRYBLAjbEWo,
 ,O,hRYBLAjbEWo,
수원,B_LOC,hRYBLAjbEWo,
신동,B_LOC,hRYBLAjbEWo,
 ,O,hRYBLAjbEWo,
포레디,B_RES,hRYBLAjbEWo,
",",O,hRYBLAjbEWo,
 ,O,hRYBLAjbEWo,
팟타이,O,hRYBLAjbEWo,
",",O,hRYBLAjbEWo,
 ,O,hRYBLAjbEWo,
푸팟퐁커리,O,hRYBLAjbEWo,
",",O,hRYBLAjbEWo,
 ,O,hRYBLAjbEWo,
화상영어,O,hRYBLAjbEWo,
 ,O,hRYBLAjbEWo,
콩영어,O,hRYBLAjbEWo,
",",O,hRYBLAjbEWo,
 ,O,hRYBLAjbEWo,
슬의2,O,hRYBLAjbEWo,
"막방,",O,hRYBLAjbEWo,
 ,O,hRYBLAjbEWo,
아벤느미스트,O,hRYBLAjbEWo,
",",O,hRYBLAjbEWo,
 ,O,hRYBLAjbEWo,
포로리,O,hRYBLAjbEWo,
",",O,hRYBLAjbEWo,
 ,O,hRYBLAjbEWo,
스시,O,hRYBLAjbEWo,
ㅡㅡㅡ,ㅡㅡㅡ,ㅡㅡㅡ,
딩크족브이로그,O,nTMCQGTRCVw,
 ,O,nTMCQGTRCVw,
/,O,nTMCQGTRCVw,
 ,O,nTMCQGTRCVw,
수원화성,B_TOR,nTMCQGTRCVw,
 ,O,nTMCQGTRCVw,
/,O,nTMCQGTRCVw,
 ,O,nTMCQGTRCVw,
수원,B_TOR,nTMCQGTRCVw,
통닭거리,I_TOR,nTMCQGTRCVw,
 ,O,nTMCQGTRCVw,
/,O,nTMCQGTRCVw,
 ,O,nTMCQGTRCVw,
11년차,O,nTMCQGTRCVw,
 ,O,nTMCQGTRCVw,
부부,O,nTMCQGTRCVw,
의,O,nTMCQGTRCVw,
 ,O,nTMCQGTRCVw,
찐,O,nTMCQGTRCVw,
 ,O,nTMCQGTRCVw,
데이트,O,nTMCQGTRCVw,
ㅡㅡㅡ,ㅡㅡㅡ,ㅡㅡㅡ,
[,O,wLLAFwfn0iU,
스토리위즈,O,wLLAFwfn0iU,
],O,wLLAFwfn0iU,
 ,O,wLLAFwfn0iU,
수원,B_LOC,wLLAFwfn0iU,
의,O,wLLAFwfn0iU,
 ,O,wLLAFwfn0iU,
정상에서,O,wLLAFwfn0iU,
 ,O,wLLAFwfn0iU,
정조선,O,wLLAFwfn0iU,
황제,O,wLLAFwfn0iU,
를,O,wLLAFwfn0iU,
 ,O,wLLAFwfn0iU,
외치다,O,wLLAFwfn0iU,
 ,O,wLLAFwfn0iU,
브이로그,O,wLLAFwfn0iU,
 ,O,wLLAFwfn0iU,
vlog,O,wLLAFwfn0iU,
 ,O,wLLAFwfn0iU,
[,O,wLLAFwfn0iU,
서장대,B_TOR,wLLAFwfn0iU,
],O,wLLAFwfn0iU,
 ,O,wLLAFwfn0iU,
[,O,wLLAFwfn0iU,
수원화성,B_TOR,wLLAFwfn0iU,
],O,wLLAFwfn0iU,
ㅡㅡㅡ,ㅡㅡㅡ,ㅡㅡㅡ,
강아지,O,byZslTfMqL8,
와,O,byZslTfMqL8,
 ,O,byZslTfMqL8,
함께,O,byZslTfMqL8,
 ,O,byZslTfMqL8,
수원화성,B_TOR,byZslTfMqL8,
 ,O,byZslTfMqL8,
산책하기,O,byZslTfMqL8,
 ,O,byZslTfMqL8,
|,O,byZslTfMqL8,
 ,O,byZslTfMqL8,
대형견,O,byZslTfMqL8,
 ,O,byZslTfMqL8,
일상,O,byZslTfMqL8,
 ,O,byZslTfMqL8,
브이로그,O,byZslTfMqL8,
 ,O,byZslTfMqL8,
|,O,byZslTfMqL8,
 ,O,byZslTfMqL8,
수원,B_LOC,byZslTfMqL8,
심야데이트,O,byZslTfMqL8,
 ,O,byZslTfMqL8,
|,O,byZslTfMqL8,
 ,O,byZslTfMqL8,
Samoyed,O,byZslTfMqL8,
 ,O,byZslTfMqL8,
|,O,byZslTfMqL8,
 ,O,byZslTfMqL8,
카,B_CAF,byZslTfMqL8,
페,I_CAF,byZslTfMqL8,
두유,I_CAF,byZslTfMqL8,
 ,O,byZslTfMqL8,
|,O,byZslTfMqL8,
 ,O,byZslTfMqL8,
애견카페,O,byZslTfMqL8,
강아지,O,byZslTfMqL8,
ㅡㅡㅡ,ㅡㅡㅡ,ㅡㅡㅡ,
[,O,ny0nFf_n7-8,
아이폰11,O,ny0nFf_n7-8,
프로,O,ny0nFf_n7-8,
 ,O,ny0nFf_n7-8,
브이로그],O,ny0nFf_n7-8,
 ,O,ny0nFf_n7-8,
#,O,ny0nFf_n7-8,
수원,B_LOC,ny0nFf_n7-8,
 ,O,ny0nFf_n7-8,
#,O,ny0nFf_n7-8,
장안공원,B_TOR,ny0nFf_n7-8,
 ,O,ny0nFf_n7-8,
"나들이,",O,ny0nFf_n7-8,
 ,O,ny0nFf_n7-8,
진미통닭,B_RES,ny0nFf_n7-8,
",",O,ny0nFf_n7-8,
 ,O,ny0nFf_n7-8,
광교호수공원,B_TOR,ny0nFf_n7-8,
 ,O,ny0nFf_n7-8,
/,O,ny0nFf_n7-8,
 ,O,ny0nFf_n7-8,
평범한,O,ny0nFf_n7-8,
 ,O,ny0nFf_n7-8,
일상,O,ny0nFf_n7-8,
 ,O,ny0nFf_n7-8,
소소한,O,ny0nFf_n7-8,
 ,O,ny0nFf_n7-8,
행복,O,ny0nFf_n7-8,
ㅡㅡㅡ,ㅡㅡㅡ,ㅡㅡㅡ,
��,O,2Bo5cWRvuYw,
 ,O,2Bo5cWRvuYw,
상근,O,2Bo5cWRvuYw,
 ,O,2Bo5cWRvuYw,
남자친구,O,2Bo5cWRvuYw,
 ,O,2Bo5cWRvuYw,
휴가,O,2Bo5cWRvuYw,
 ,O,2Bo5cWRvuYw,
브이로그,O,2Bo5cWRvuYw,
 ,O,2Bo5cWRvuYw,
|,O,2Bo5cWRvuYw,
 ,O,2Bo5cWRvuYw,
수원,B_LOC,2Bo5cWRvuYw,
 ,O,2Bo5cWRvuYw,
데이트,O,2Bo5cWRvuYw,
 ,O,2Bo5cWRvuYw,
|,O,2Bo5cWRvuYw,
 ,O,2Bo5cWRvuYw,
화성행궁,B_TOR,2Bo5cWRvuYw,
 ,O,2Bo5cWRvuYw,
|,O,2Bo5cWRvuYw,
 ,O,2Bo5cWRvuYw,
방화수류정,B_TOR,2Bo5cWRvuYw,
 ,O,2Bo5cWRvuYw,
|,O,2Bo5cWRvuYw,
 ,O,2Bo5cWRvuYw,
피크닉,O,2Bo5cWRvuYw,
 ,O,2Bo5cWRvuYw,
��,O,2Bo5cWRvuYw,
ㅡㅡㅡ,ㅡㅡㅡ,ㅡㅡㅡ,
카페브이로그,O,htLF9lsZvbo,
 ,O,htLF9lsZvbo,
||,O,htLF9lsZvbo,
 ,O,htLF9lsZvbo,
수원,B_LOC,htLF9lsZvbo,
 ,O,htLF9lsZvbo,
아주대삼거리,O,htLF9lsZvbo,
 ,O,htLF9lsZvbo,
디저트,O,htLF9lsZvbo,
 ,O,htLF9lsZvbo,
카페,O,htLF9lsZvbo,
 ,O,htLF9lsZvbo,
투유랑랑,B_CAF,htLF9lsZvbo,
 ,O,htLF9lsZvbo,
||,O,htLF9lsZvbo,
 ,O,htLF9lsZvbo,
라떼,O,htLF9lsZvbo,
&amp,O,htLF9lsZvbo,
;,O,htLF9lsZvbo,
바스크치즈케이크,O,htLF9lsZvbo,
ㅡㅡㅡ,ㅡㅡㅡ,ㅡㅡㅡ,
[VLOG],O,#NAME?,
 ,O,#NAME?,
기분,O,#NAME?,
 ,O,#NAME?,
전환,O,#NAME?,
 ,O,#NAME?,
수원,B_LOC,#NAME?,
 ,O,#NAME?,
나들이ㅣ,O,#NAME?,
행궁동,B_LOC,#NAME?,
 ,O,#NAME?,
카페ㅣ,O,#NAME?,
방화수류정,B_TOR,#NAME?,
 ,O,#NAME?,
피크닉ㅣ,O,#NAME?,
수원왕갈비통닭,B_RES,#NAME?,
ㅣ먹방,O,#NAME?,
 ,O,#NAME?,
브이로그,O,#NAME?,
ㅡㅡㅡ,ㅡㅡㅡ,ㅡㅡㅡ,
맛집,O,1qU4ENSsNwo,
 ,O,1qU4ENSsNwo,
찾아,O,1qU4ENSsNwo,
 ,O,1qU4ENSsNwo,
브이로그,O,1qU4ENSsNwo,
",",O,1qU4ENSsNwo,
 ,O,1qU4ENSsNwo,
갠지스,B_RES,1qU4ENSsNwo,
",",O,1qU4ENSsNwo,
 ,O,1qU4ENSsNwo,
인도요리,O,1qU4ENSsNwo,
(,O,1qU4ENSsNwo,
수원광교카페거리,B_TOR,1qU4ENSsNwo,
),O,1qU4ENSsNwo,
 ,O,1qU4ENSsNwo,
|,O,1qU4ENSsNwo,
 ,O,1qU4ENSsNwo,
choco.tea.vlog,O,1qU4ENSsNwo,
 ,O,1qU4ENSsNwo,
|,O,1qU4ENSsNwo,
ㅡㅡㅡ,ㅡㅡㅡ,ㅡㅡㅡ,
[브이로그],O,m-mlBMOOlxA,
 ,O,m-mlBMOOlxA,
#,O,m-mlBMOOlxA,
수원,B_LOC,m-mlBMOOlxA,
나들이,O,m-mlBMOOlxA,
 ,O,m-mlBMOOlxA,
#,O,m-mlBMOOlxA,
화성,B_TOR,m-mlBMOOlxA,
행궁,I_TOR,m-mlBMOOlxA,
 ,O,m-mlBMOOlxA,
#,O,m-mlBMOOlxA,
매운,O,m-mlBMOOlxA,
오뎅,O,m-mlBMOOlxA,
 ,O,m-mlBMOOlxA,
브이로그ㅣBANU♪,O,m-mlBMOOlxA,
ㅡㅡㅡ,ㅡㅡㅡ,ㅡㅡㅡ,
[브이로그],O,fbhariTM8fc,
 ,O,fbhariTM8fc,
유명한,O,fbhariTM8fc,
 ,O,fbhariTM8fc,
수원왕갈비,O,fbhariTM8fc,
 ,O,fbhariTM8fc,
맛집,O,fbhariTM8fc,
 ,O,fbhariTM8fc,
가보정,B_RES,fbhariTM8fc,
(,O,fbhariTM8fc,
수지,O,fbhariTM8fc,
점),O,fbhariTM8fc,
 ,O,fbhariTM8fc,
|,O,fbhariTM8fc,
 ,O,fbhariTM8fc,
딱새우,O,fbhariTM8fc,
와,O,fbhariTM8fc,
 ,O,fbhariTM8fc,
연어그라브락스,O,fbhariTM8fc,
 ,O,fbhariTM8fc,
|,O,fbhariTM8fc,
 ,O,fbhariTM8fc,
30대,O,fbhariTM8fc,
 ,O,fbhariTM8fc,
여자,O,fbhariTM8fc,
 ,O,fbhariTM8fc,
주말일상,O,fbhariTM8fc,
 ,O,fbhariTM8fc,
vlog,O,fbhariTM8fc,
 ,O,fbhariTM8fc,
고양이,O,fbhariTM8fc,
ㅡㅡㅡ,ㅡㅡㅡ,ㅡㅡㅡ,
수원,B_LOC,GmOpNhck8xc,
 ,O,GmOpNhck8xc,
행궁동,B_LOC,GmOpNhck8xc,
 ,O,GmOpNhck8xc,
브이로그🎬,O,GmOpNhck8xc,
 ,O,GmOpNhck8xc,
|,O,GmOpNhck8xc,
 ,O,GmOpNhck8xc,
행궁동,B_LOC,GmOpNhck8xc,
맛집(,O,GmOpNhck8xc,
운멜로,B_RES,GmOpNhck8xc,
)🍝/,O,GmOpNhck8xc,
 ,O,GmOpNhck8xc,
행궁동,B_LOC,GmOpNhck8xc,
카페(,O,GmOpNhck8xc,
홍라드,B_CAF,GmOpNhck8xc,
)☕/,O,GmOpNhck8xc,
행궁동,B_LOC,GmOpNhck8xc,
꽃집(,O,GmOpNhck8xc,
꽃처방,B_TOR,GmOpNhck8xc,
)🌷/극한직업🎬,O,GmOpNhck8xc,
ㅡㅡㅡ,ㅡㅡㅡ,ㅡㅡㅡ,
[,O,4Odyf01ea_k,
자전거브이로,O,4Odyf01ea_k,
그],O,4Odyf01ea_k,
 ,O,4Odyf01ea_k,
서울,B_LOC,4Odyf01ea_k,
에는,O,4Odyf01ea_k,
 ,O,4Odyf01ea_k,
따릉이,O,4Odyf01ea_k,
가,O,4Odyf01ea_k,
 ,O,4Odyf01ea_k,
있다면,O,4Odyf01ea_k,
 ,O,4Odyf01ea_k,
수원,B_LOC,4Odyf01ea_k,
에는,O,4Odyf01ea_k,
 ,O,4Odyf01ea_k,
타조,O,4Odyf01ea_k,
가있다!,O,4Odyf01ea_k,
 ,O,4Odyf01ea_k,
I,O,4Odyf01ea_k,
 ,O,4Odyf01ea_k,
신동카페거리,B_TOR,4Odyf01ea_k,
 ,O,4Odyf01ea_k,
I,O,4Odyf01ea_k,
 ,O,4Odyf01ea_k,
수원,B_LOC,4Odyf01ea_k,
맛집,O,4Odyf01ea_k,
 ,O,4Odyf01ea_k,
I,O,4Odyf01ea_k,
 ,O,4Odyf01ea_k,
수원,B_LOC,4Odyf01ea_k,
 ,O,4Odyf01ea_k,
돈카츠,O,4Odyf01ea_k,
 ,O,4Odyf01ea_k,
I,O,4Odyf01ea_k,
 ,O,4Odyf01ea_k,
수원,B_LOC,4Odyf01ea_k,
 ,O,4Odyf01ea_k,
마라탕,O,4Odyf01ea_k,
 ,O,4Odyf01ea_k,
I,O,4Odyf01ea_k,
 ,O,4Odyf01ea_k,
마라샹궈,O,4Odyf01ea_k,
 ,O,4Odyf01ea_k,
I,O,4Odyf01ea_k,
 ,O,4Odyf01ea_k,
라파,O,4Odyf01ea_k,
팝업스토어,O,4Odyf01ea_k,
 ,O,4Odyf01ea_k,
I,O,4Odyf01ea_k,
 ,O,4Odyf01ea_k,
하오고개,O,4Odyf01ea_k,
왕복,O,4Odyf01ea_k,
3회전,O,4Odyf01ea_k,
 ,O,4Odyf01ea_k,
I,O,4Odyf01ea_k,
ㅡㅡㅡ,ㅡㅡㅡ,ㅡㅡㅡ,
[VLOG#2,O,TU4tJwnXQuo,
],O,TU4tJwnXQuo,
 ,O,TU4tJwnXQuo,
행리단길,B_TOR,TU4tJwnXQuo,
 ,O,TU4tJwnXQuo,
나들이,O,TU4tJwnXQuo,
 ,O,TU4tJwnXQuo,
|,O,TU4tJwnXQuo,
 ,O,TU4tJwnXQuo,
수원,B_LOC,TU4tJwnXQuo,
 ,O,TU4tJwnXQuo,
행궁동,B_LOC,TU4tJwnXQuo,
",",O,TU4tJwnXQuo,
 ,O,TU4tJwnXQuo,
행리단길,B_TOR,TU4tJwnXQuo,
 ,O,TU4tJwnXQuo,
맛집(,O,TU4tJwnXQuo,
용정바른얼굴식당,B_RES,TU4tJwnXQuo,
",",O,TU4tJwnXQuo,
카페메이븐,B_CAF,TU4tJwnXQuo,
"),",O,TU4tJwnXQuo,
 ,O,TU4tJwnXQuo,
소품샵(,O,TU4tJwnXQuo,
히어유아,B_TOR,TU4tJwnXQuo,
",",O,TU4tJwnXQuo,
베어룸,B_TOR,TU4tJwnXQuo,
"),",O,TU4tJwnXQuo,
 ,O,TU4tJwnXQuo,
수원화성,B_TOR,TU4tJwnXQuo,
",",O,TU4tJwnXQuo,
 ,O,TU4tJwnXQuo,
눈,O,TU4tJwnXQuo,
 ,O,TU4tJwnXQuo,
내린,O,TU4tJwnXQuo,
 ,O,TU4tJwnXQuo,
2021년,O,TU4tJwnXQuo,
",",O,TU4tJwnXQuo,
 ,O,TU4tJwnXQuo,
대학원생,O,TU4tJwnXQuo,
 ,O,TU4tJwnXQuo,
브이로그,O,TU4tJwnXQuo,
 ,O,TU4tJwnXQuo,
|,O,TU4tJwnXQuo,
ㅡㅡㅡ,ㅡㅡㅡ,ㅡㅡㅡ,
수원,B_LOC,rpzkqgi71jk,
 ,O,rpzkqgi71jk,
인계동,B_LOC,rpzkqgi71jk,
 ,O,rpzkqgi71jk,
&quot,O,rpzkqgi71jk,
;,O,rpzkqgi71jk,
긴자,B_RES,rpzkqgi71jk,
&quot;,O,rpzkqgi71jk,
 ,O,rpzkqgi71jk,
에서,O,rpzkqgi71jk,
 ,O,rpzkqgi71jk,
일식,O,rpzkqgi71jk,
코스요리,O,rpzkqgi71jk,
 ,O,rpzkqgi71jk,
먹방,O,rpzkqgi71jk,
 ,O,rpzkqgi71jk,
브이로그,O,rpzkqgi71jk,
 ,O,rpzkqgi71jk,
|,O,rpzkqgi71jk,
 ,O,rpzkqgi71jk,
초코쌤TV,O,rpzkqgi71jk,
 ,O,rpzkqgi71jk,
|,O,rpzkqgi71jk,
ㅡㅡㅡ,ㅡㅡㅡ,ㅡㅡㅡ,
[일상,O,gydKit6aTtM,
 ,O,gydKit6aTtM,
브이로그],O,gydKit6aTtM,
 ,O,gydKit6aTtM,
행궁동,B_LOC,gydKit6aTtM,
카페,O,gydKit6aTtM,
 ,O,gydKit6aTtM,
어고흐,B_CAF,gydKit6aTtM,
 ,O,gydKit6aTtM,
/,O,gydKit6aTtM,
 ,O,gydKit6aTtM,
수원,B_LOC,gydKit6aTtM,
맛집,O,gydKit6aTtM,
 ,O,gydKit6aTtM,
춘천메밀막국수,B_RES,gydKit6aTtM,
 ,O,gydKit6aTtM,
/,O,gydKit6aTtM,
 ,O,gydKit6aTtM,
No,O,gydKit6aTtM,
 ,O,gydKit6aTtM,
smoke,O,gydKit6aTtM,
 ,O,gydKit6aTtM,
without,O,gydKit6aTtM,
 ,O,gydKit6aTtM,
fire,O,gydKit6aTtM,
 ,O,gydKit6aTtM,
/,O,gydKit6aTtM,
 ,O,gydKit6aTtM,
카페,O,gydKit6aTtM,
 ,O,gydKit6aTtM,
서천,O,gydKit6aTtM,
ㅡㅡㅡ,ㅡㅡㅡ,ㅡㅡㅡ,
[VLOG],O,iFMKMjFgG8Y,
 ,O,iFMKMjFgG8Y,
워크숍,O,iFMKMjFgG8Y,
 ,O,iFMKMjFgG8Y,
브이로그,O,iFMKMjFgG8Y,
 ,O,iFMKMjFgG8Y,
2편,O,iFMKMjFgG8Y,
ㅣ,O,iFMKMjFgG8Y,
수원,B_LOC,iFMKMjFgG8Y,
은,O,iFMKMjFgG8Y,
 ,O,iFMKMjFgG8Y,
나무,O,iFMKMjFgG8Y,
가,O,iFMKMjFgG8Y,
 ,O,iFMKMjFgG8Y,
네모?!ㅣ,O,iFMKMjFgG8Y,
수제비,O,iFMKMjFgG8Y,
 ,O,iFMKMjFgG8Y,
장인,O,iFMKMjFgG8Y,
을,O,iFMKMjFgG8Y,
 ,O,iFMKMjFgG8Y,
모셨습니다,O,iFMKMjFgG8Y,
 ,O,iFMKMjFgG8Y,
��🏻‍🍳,O,iFMKMjFgG8Y,
ㅡㅡㅡ,ㅡㅡㅡ,ㅡㅡㅡ,
설,O,f0q5lyLkYFI,
특집,O,f0q5lyLkYFI,
 ,O,f0q5lyLkYFI,
수원,B_TOR,f0q5lyLkYFI,
남문시장,I_TOR,f0q5lyLkYFI,
 ,O,f0q5lyLkYFI,
브이로그,O,f0q5lyLkYFI,
 ,O,f0q5lyLkYFI,
|,O,f0q5lyLkYFI,
 ,O,f0q5lyLkYFI,
명랑유니,O,f0q5lyLkYFI,
 ,O,f0q5lyLkYFI,
채널,O,f0q5lyLkYFI,
ㅡㅡㅡ,ㅡㅡㅡ,ㅡㅡㅡ,
[,O,MmqiMHHoZOg,
브이로그Vlog,O,MmqiMHHoZOg,
],O,MmqiMHHoZOg,
N잡러,O,MmqiMHHoZOg,
/,O,MmqiMHHoZOg,
수원FC,O,MmqiMHHoZOg,
/,O,MmqiMHHoZOg,
행궁동,B_LOC,MmqiMHHoZOg,
/,O,MmqiMHHoZOg,
소소한일상,O,MmqiMHHoZOg,
/,O,MmqiMHHoZOg,
존앤진,B_RES,MmqiMHHoZOg,
/,O,MmqiMHHoZOg,
신라호텔,O,MmqiMHHoZOg,
/,O,MmqiMHHoZOg,
망고빙수,O,MmqiMHHoZOg,
ㅡㅡㅡ,ㅡㅡㅡ,ㅡㅡㅡ,
��🌷,O,PFq4dJeIeBI,
친구,O,PFq4dJeIeBI,
랑,O,PFq4dJeIeBI,
 ,O,PFq4dJeIeBI,
수원,B_LOC,PFq4dJeIeBI,
에서,O,PFq4dJeIeBI,
 ,O,PFq4dJeIeBI,
힐링,O,PFq4dJeIeBI,
 ,O,PFq4dJeIeBI,
브이로그,O,PFq4dJeIeBI,
 ,O,PFq4dJeIeBI,
/,O,PFq4dJeIeBI,
 ,O,PFq4dJeIeBI,
방화수류정,B_TOR,PFq4dJeIeBI,
 ,O,PFq4dJeIeBI,
피크닉,O,PFq4dJeIeBI,
ㅡㅡㅡ,ㅡㅡㅡ,ㅡㅡㅡ,
[커플브이로그],O,M_ea27qEKFY,
 ,O,M_ea27qEKFY,
남자친구,O,M_ea27qEKFY,
 ,O,M_ea27qEKFY,
질투,O,M_ea27qEKFY,
 ,O,M_ea27qEKFY,
유발하기,O,M_ea27qEKFY,
 ,O,M_ea27qEKFY,
몰카,O,M_ea27qEKFY,
 ,O,M_ea27qEKFY,
|,O,M_ea27qEKFY,
 ,O,M_ea27qEKFY,
수원,B_LOC,M_ea27qEKFY,
 ,O,M_ea27qEKFY,
방화수류정,B_TOR,M_ea27qEKFY,
 ,O,M_ea27qEKFY,
데이트,O,M_ea27qEKFY,
ㅡㅡㅡ,ㅡㅡㅡ,ㅡㅡㅡ,
[Vlog],O,gup9HghXLKQ,
주,O,gup9HghXLKQ,
부일상브이로그,O,gup9HghXLKQ,
_,O,gup9HghXLKQ,
수원,B_LOC,gup9HghXLKQ,
행궁동,B_LOC,gup9HghXLKQ,
 ,O,gup9HghXLKQ,
데이트ㅣ,O,gup9HghXLKQ,
팜투하녹,B_CAF,gup9HghXLKQ,
 ,O,gup9HghXLKQ,
브런치,O,gup9HghXLKQ,
ㅣ,O,gup9HghXLKQ,
홍라드카페,B_CAF,gup9HghXLKQ,
ㅣ,O,gup9HghXLKQ,
주말,O,gup9HghXLKQ,
간단히아침먹기ㅣ,O,gup9HghXLKQ,
유키,O,gup9HghXLKQ,
랑,O,gup9HghXLKQ,
 ,O,gup9HghXLKQ,
산책,O,gup9HghXLKQ,
ㅡㅡㅡ,ㅡㅡㅡ,ㅡㅡㅡ,
수원,B_LOC,ub_pth_4cf0,
 ,O,ub_pth_4cf0,
화성행궁,B_TOR,ub_pth_4cf0,
 ,O,ub_pth_4cf0,
2탄,O,ub_pth_4cf0,
/공원/브이로그,O,ub_pth_4cf0,
ㅡㅡㅡ,ㅡㅡㅡ,ㅡㅡㅡ,
[까먹는애,O,NanOQjc1DnE,
 ,O,NanOQjc1DnE,
#,O,NanOQjc1DnE,
11,O,NanOQjc1DnE,
],O,NanOQjc1DnE,
 ,O,NanOQjc1DnE,
주말,O,NanOQjc1DnE,
 ,O,NanOQjc1DnE,
브이로그_,O,NanOQjc1DnE,
수원,B_LOC,NanOQjc1DnE,
 ,O,NanOQjc1DnE,
빵집,O,NanOQjc1DnE,
 ,O,NanOQjc1DnE,
하얀풍차,B_RES,NanOQjc1DnE,
같이가요,O,NanOQjc1DnE,
(,O,NanOQjc1DnE,
수원,B_LOC,NanOQjc1DnE,
"빵집,",O,NanOQjc1DnE,
 ,O,NanOQjc1DnE,
"빵지순례,",O,NanOQjc1DnE,
 ,O,NanOQjc1DnE,
"빵집추천,",O,NanOQjc1DnE,
 ,O,NanOQjc1DnE,
"빵추천,",O,NanOQjc1DnE,
 ,O,NanOQjc1DnE,
"빵박싱,",O,NanOQjc1DnE,
 ,O,NanOQjc1DnE,
빵,O,NanOQjc1DnE,
 ,O,NanOQjc1DnE,
"언박싱,",O,NanOQjc1DnE,
 ,O,NanOQjc1DnE,
빵먹방),O,NanOQjc1DnE,
ㅡㅡㅡ,ㅡㅡㅡ,ㅡㅡㅡ,
수원,B_LOC,hTTjaSn6MJg,
의,O,hTTjaSn6MJg,
 ,O,hTTjaSn6MJg,
핫플,O,hTTjaSn6MJg,
 ,O,hTTjaSn6MJg,
행궁동,B_LOC,hTTjaSn6MJg,
!,O,hTTjaSn6MJg,
 ,O,hTTjaSn6MJg,
맛집도,O,hTTjaSn6MJg,
 ,O,hTTjaSn6MJg,
가고,O,hTTjaSn6MJg,
 ,O,hTTjaSn6MJg,
전시도,O,hTTjaSn6MJg,
 ,O,hTTjaSn6MJg,
본,O,hTTjaSn6MJg,
 ,O,hTTjaSn6MJg,
일상,O,hTTjaSn6MJg,
 ,O,hTTjaSn6MJg,
브이로그｜vlog,O,hTTjaSn6MJg,
ㅡㅡㅡ,ㅡㅡㅡ,ㅡㅡㅡ,
[Vlog],O,w6UJpoEOgtA,
 ,O,w6UJpoEOgtA,
직장인,O,w6UJpoEOgtA,
 ,O,w6UJpoEOgtA,
브이로그,O,w6UJpoEOgtA,
 ,O,w6UJpoEOgtA,
|,O,w6UJpoEOgtA,
 ,O,w6UJpoEOgtA,
일상,O,w6UJpoEOgtA,
 ,O,w6UJpoEOgtA,
브이로그,O,w6UJpoEOgtA,
 ,O,w6UJpoEOgtA,
|,O,w6UJpoEOgtA,
 ,O,w6UJpoEOgtA,
수원,B_LOC,w6UJpoEOgtA,
 ,O,w6UJpoEOgtA,
신동 카페거리,B_TOR,w6UJpoEOgtA,
 ,O,w6UJpoEOgtA,
(,O,w6UJpoEOgtA,
MELTAWAY,B_CAF,w6UJpoEOgtA,
",",O,w6UJpoEOgtA,
 ,O,w6UJpoEOgtA,
아빠가만든전복장,B_RES,w6UJpoEOgtA,
아장아장,I_RES,w6UJpoEOgtA,
 ,O,w6UJpoEOgtA,
|,O,w6UJpoEOgtA,
 ,O,w6UJpoEOgtA,
사당,O,w6UJpoEOgtA,
 ,O,w6UJpoEOgtA,
카페,O,w6UJpoEOgtA,
 ,O,w6UJpoEOgtA,
(,O,w6UJpoEOgtA,
태양커피,B_CAF,w6UJpoEOgtA,*
",",O,w6UJpoEOgtA,
 ,O,w6UJpoEOgtA,
헬무트커피,B_CAF,w6UJpoEOgtA,*
),O,w6UJpoEOgtA,
 ,O,w6UJpoEOgtA,
|,O,w6UJpoEOgtA,
 ,O,w6UJpoEOgtA,
영풍문고,B_TOR,w6UJpoEOgtA,*
 ,O,w6UJpoEOgtA,
|,O,w6UJpoEOgtA,
 ,O,w6UJpoEOgtA,
다이어리,O,w6UJpoEOgtA,
ㅡㅡㅡ,ㅡㅡㅡ,ㅡㅡㅡ,
[,O,h2pLS0GWhCc,
남하고매,O,h2pLS0GWhCc,
],O,h2pLS0GWhCc,
 ,O,h2pLS0GWhCc,
일상,O,h2pLS0GWhCc,
 ,O,h2pLS0GWhCc,
Vlog,O,h2pLS0GWhCc,
 ,O,h2pLS0GWhCc,
#1,O,h2pLS0GWhCc,
 ,O,h2pLS0GWhCc,
-,O,h2pLS0GWhCc,
남매,O,h2pLS0GWhCc,
의,O,h2pLS0GWhCc,
 ,O,h2pLS0GWhCc,
일상,O,h2pLS0GWhCc,
 ,O,h2pLS0GWhCc,
"브이로그,",O,h2pLS0GWhCc,
 ,O,h2pLS0GWhCc,
수원,B_LOC,h2pLS0GWhCc,
 ,O,h2pLS0GWhCc,
행궁동,B_LOC,h2pLS0GWhCc,
 ,O,h2pLS0GWhCc,
존앤진 피자,B_RES,h2pLS0GWhCc,
.,O,h2pLS0GWhCc,
ㅡㅡㅡ,ㅡㅡㅡ,ㅡㅡㅡ,
[브이로그],O,OVa1V89wm_g,
 ,O,OVa1V89wm_g,
vlog,O,OVa1V89wm_g,
 ,O,OVa1V89wm_g,
:,O,OVa1V89wm_g,
 ,O,OVa1V89wm_g,
수원,B_LOC,OVa1V89wm_g,
 ,O,OVa1V89wm_g,
광교,B_TOR,OVa1V89wm_g,
앨리웨이,I_TOR,OVa1V89wm_g,
 ,O,OVa1V89wm_g,
|,O,OVa1V89wm_g,
 ,O,OVa1V89wm_g,
광교 호수공원,B_TOR,OVa1V89wm_g,
 ,O,OVa1V89wm_g,
|,O,OVa1V89wm_g,
 ,O,OVa1V89wm_g,
광교,B_LOC,OVa1V89wm_g,
 ,O,OVa1V89wm_g,
드라이브,O,OVa1V89wm_g,
 ,O,OVa1V89wm_g,
|,O,OVa1V89wm_g,
 ,O,OVa1V89wm_g,
광교,B_LOC,OVa1V89wm_g,
 ,O,OVa1V89wm_g,
카페,O,OVa1V89wm_g,
 ,O,OVa1V89wm_g,
|,O,OVa1V89wm_g,
 ,O,OVa1V89wm_g,
연남방앗간,B_CAF,OVa1V89wm_g,
 ,O,OVa1V89wm_g,
|,O,OVa1V89wm_g,
 ,O,OVa1V89wm_g,
낙찌하다,B_RES,OVa1V89wm_g,
 ,O,OVa1V89wm_g,
|,O,OVa1V89wm_g,
 ,O,OVa1V89wm_g,
미드나잇,B_CAF,OVa1V89wm_g,
 ,O,OVa1V89wm_g,
|,O,OVa1V89wm_g,
 ,O,OVa1V89wm_g,
마슬마켓,B_TOR,OVa1V89wm_g,
 ,O,OVa1V89wm_g,
|,O,OVa1V89wm_g,
ㅡㅡㅡ,ㅡㅡㅡ,ㅡㅡㅡ,
VLOG:),O,dePQQKNuOvM,
 ,O,dePQQKNuOvM,
수원,B_LOC,dePQQKNuOvM,
 ,O,dePQQKNuOvM,
방화수류정,B_TOR,dePQQKNuOvM,
 ,O,dePQQKNuOvM,
피크닉,O,dePQQKNuOvM,
 ,O,dePQQKNuOvM,
브이로그,O,dePQQKNuOvM,
 ,O,dePQQKNuOvM,
:|,O,dePQQKNuOvM,
 ,O,dePQQKNuOvM,
수원,B_LOC,dePQQKNuOvM,
 ,O,dePQQKNuOvM,
방화수류정,B_TOR,dePQQKNuOvM,
 ,O,dePQQKNuOvM,
피크닉,O,dePQQKNuOvM,
 ,O,dePQQKNuOvM,
미닝풀,B_CAF,dePQQKNuOvM,
피크닉,I_CAF,dePQQKNuOvM,
 ,O,dePQQKNuOvM,
장안문,B_TOR,dePQQKNuOvM,
 ,O,dePQQKNuOvM,
피크닉,O,dePQQKNuOvM,
 ,O,dePQQKNuOvM,
예약,O,dePQQKNuOvM,
 ,O,dePQQKNuOvM,
피크닉,O,dePQQKNuOvM,
 ,O,dePQQKNuOvM,
대여,O,dePQQKNuOvM,
 ,O,dePQQKNuOvM,
꿀팁,O,dePQQKNuOvM,
 ,O,dePQQKNuOvM,
브이로그🌷,O,dePQQKNuOvM,
ㅡㅡㅡ,ㅡㅡㅡ,ㅡㅡㅡ,
[couple,O,bDjHqHDWUPI,
 ,O,bDjHqHDWUPI,
vlog,O,bDjHqHDWUPI,
],O,bDjHqHDWUPI,
 ,O,bDjHqHDWUPI,
INFJ,O,bDjHqHDWUPI,
 ,O,bDjHqHDWUPI,
커플,O,bDjHqHDWUPI,
의,O,bDjHqHDWUPI,
 ,O,bDjHqHDWUPI,
연애초반,O,bDjHqHDWUPI,
 ,O,bDjHqHDWUPI,
일상브이로그💕/,O,bDjHqHDWUPI,
아그로랜,B_TOR,bDjHqHDWUPI,*
드,I_TOR,bDjHqHDWUPI,*
 ,O,bDjHqHDWUPI,
",도자기공방",O,bDjHqHDWUPI,
 ,O,bDjHqHDWUPI,
"원데이클래스,",O,bDjHqHDWUPI,
수원,B_LOC,bDjHqHDWUPI,
 ,O,bDjHqHDWUPI,
방화,B_TOR,bDjHqHDWUPI,
수류정,I_TOR,bDjHqHDWUPI,
 ,O,bDjHqHDWUPI,
나의,O,bDjHqHDWUPI,
 ,O,bDjHqHDWUPI,
첫,O,bDjHqHDWUPI,
 ,O,bDjHqHDWUPI,
자전거,O,bDjHqHDWUPI,
",",O,bDjHqHDWUPI,
커플,O,bDjHqHDWUPI,
vlog,O,bDjHqHDWUPI,
ㅡㅡㅡ,ㅡㅡㅡ,ㅡㅡㅡ,
VLOG,O,-5_fN-8CJzA,
 ,O,-5_fN-8CJzA,
|,O,-5_fN-8CJzA,
 ,O,-5_fN-8CJzA,
행궁동,B_LOC,-5_fN-8CJzA,
맛집,O,-5_fN-8CJzA,
 ,O,-5_fN-8CJzA,
카페,O,-5_fN-8CJzA,
 ,O,-5_fN-8CJzA,
먹방,O,-5_fN-8CJzA,
 ,O,-5_fN-8CJzA,
",",O,-5_fN-8CJzA,
 ,O,-5_fN-8CJzA,
수원,B_LOC,-5_fN-8CJzA,
데이트!,O,-5_fN-8CJzA,
 ,O,-5_fN-8CJzA,
/,O,-5_fN-8CJzA,
 ,O,-5_fN-8CJzA,
운멜로랩,B_RES,-5_fN-8CJzA,
",",O,-5_fN-8CJzA,
 ,O,-5_fN-8CJzA,
하이헤이호,B_CAF,-5_fN-8CJzA,
 ,O,-5_fN-8CJzA,
#vlog,O,-5_fN-8CJzA,
 ,O,-5_fN-8CJzA,
#먹방,O,-5_fN-8CJzA,
 ,O,-5_fN-8CJzA,
#브이로그,O,-5_fN-8CJzA,
ㅡㅡㅡ,ㅡㅡㅡ,ㅡㅡㅡ,
치킨,O,gWFMbA6tUWE,
",",O,gWFMbA6tUWE,
 ,O,gWFMbA6tUWE,
수원,B_TOR,gWFMbA6tUWE,
통닭골목,I_TOR,gWFMbA6tUWE,
 ,O,gWFMbA6tUWE,
매행통닭,B_RES,gWFMbA6tUWE,
에서,O,gWFMbA6tUWE,
 ,O,gWFMbA6tUWE,
야식,O,gWFMbA6tUWE,
 ,O,gWFMbA6tUWE,
먹방,O,gWFMbA6tUWE,
 ,O,gWFMbA6tUWE,
브이로그,O,gWFMbA6tUWE,
 ,O,gWFMbA6tUWE,
:),O,gWFMbA6tUWE,
 ,O,gWFMbA6tUWE,
#,O,gWFMbA6tUWE,
수원,B_LOC,gWFMbA6tUWE,
별이,O,gWFMbA6tUWE,
ㅡㅡㅡ,ㅡㅡㅡ,ㅡㅡㅡ,
[육아브이로그],O,MeziqioqqTU,
겨울왕국2,O,MeziqioqqTU,
 ,O,MeziqioqqTU,
개봉을,O,MeziqioqqTU,
 ,O,MeziqioqqTU,
앞두고...&amp;,O,MeziqioqqTU,
 ,O,MeziqioqqTU,
수원,B_TOR,MeziqioqqTU,
똥박물관,I_TOR,MeziqioqqTU,
해우재,I_TOR,MeziqioqqTU,
(,O,MeziqioqqTU,
시크릿쥬쥬,O,MeziqioqqTU,
 ,O,MeziqioqqTU,
아이린드레스,O,MeziqioqqTU,
),O,MeziqioqqTU,
ㅡㅡㅡ,ㅡㅡㅡ,ㅡㅡㅡ,
[VLOG],O,AU4dw7LTLhs,
 ,O,AU4dw7LTLhs,
가을,O,AU4dw7LTLhs,
하늘ㅣ일상ㅣ,O,AU4dw7LTLhs,
수원,B_LOC,AU4dw7LTLhs,
카페,O,AU4dw7LTLhs,
 ,O,AU4dw7LTLhs,
포커스온나우,B_CAF,AU4dw7LTLhs,
ㅣ,O,AU4dw7LTLhs,
롯데몰,O,AU4dw7LTLhs,
ㅣ,O,AU4dw7LTLhs,
인계동,B_LOC,AU4dw7LTLhs,
카페ㅣ남자브이로그ㅣ,O,AU4dw7LTLhs,
이정준,O,AU4dw7LTLhs,
ㅣ브이로그,O,AU4dw7LTLhs,
ㅡㅡㅡ,ㅡㅡㅡ,ㅡㅡㅡ,
VLOG:),O,wHbstvYVRFc,
 ,O,wHbstvYVRFc,
친구,O,wHbstvYVRFc,
들과,O,wHbstvYVRFc,
 ,O,wHbstvYVRFc,
행궁동,B_LOC,wHbstvYVRFc,
 ,O,wHbstvYVRFc,
브이로그,O,wHbstvYVRFc,
 ,O,wHbstvYVRFc,
:|,O,wHbstvYVRFc,
 ,O,wHbstvYVRFc,
대학동기,O,wHbstvYVRFc,
 ,O,wHbstvYVRFc,
친구,O,wHbstvYVRFc,
들,O,wHbstvYVRFc,
 ,O,wHbstvYVRFc,
수원,B_LOC,wHbstvYVRFc,
 ,O,wHbstvYVRFc,
행궁동,B_LOC,wHbstvYVRFc,
 ,O,wHbstvYVRFc,
카페,O,wHbstvYVRFc,
 ,O,wHbstvYVRFc,
공간상점,B_CAF,wHbstvYVRFc,
 ,O,wHbstvYVRFc,
덕영올림,B_CAF,wHbstvYVRFc,
 ,O,wHbstvYVRFc,
낭만셰프,B_RES,wHbstvYVRFc,
 ,O,wHbstvYVRFc,
비프덮밥,O,wHbstvYVRFc,
 ,O,wHbstvYVRFc,
사진찍고,O,wHbstvYVRFc,
 ,O,wHbstvYVRFc,
수다떨고,O,wHbstvYVRFc,
 ,O,wHbstvYVRFc,
놀고,O,wHbstvYVRFc,
 ,O,wHbstvYVRFc,
먹기,O,wHbstvYVRFc,
 ,O,wHbstvYVRFc,
오늘,O,wHbstvYVRFc,
의,O,wHbstvYVRFc,
 ,O,wHbstvYVRFc,
갬성은,O,wHbstvYVRFc,
 ,O,wHbstvYVRFc,
조금,O,wHbstvYVRFc,
 ,O,wHbstvYVRFc,
있었다!,O,wHbstvYVRFc,
 ,O,wHbstvYVRFc,
❤,O,wHbstvYVRFc,
ㅡㅡㅡ,ㅡㅡㅡ,ㅡㅡㅡ,
수원,B_LOC,dO4uBIrlOHA,
 ,O,dO4uBIrlOHA,
광교산,B_TOR,dO4uBIrlOHA,
 ,O,dO4uBIrlOHA,
형제봉,B_TOR,dO4uBIrlOHA,
 ,O,dO4uBIrlOHA,
��⛰,O,dO4uBIrlOHA,
 ,O,dO4uBIrlOHA,
/,O,dO4uBIrlOHA,
 ,O,dO4uBIrlOHA,
등산브이로그,O,dO4uBIrlOHA,
 ,O,dO4uBIrlOHA,
/,O,dO4uBIrlOHA,
 ,O,dO4uBIrlOHA,
노스페이스슈즈,O,dO4uBIrlOHA,
ㅡㅡㅡ,ㅡㅡㅡ,ㅡㅡㅡ,
#,O,qo2AdcEyF2o,
행궁동브이로그,O,qo2AdcEyF2o,
��/맛집,O,qo2AdcEyF2o,
 ,O,qo2AdcEyF2o,
거문고,B_RES,qo2AdcEyF2o,
/카페,O,qo2AdcEyF2o,
 ,O,qo2AdcEyF2o,
페터슨,B_CAF,qo2AdcEyF2o,
/,O,qo2AdcEyF2o,
수원,O,qo2AdcEyF2o,
/,O,qo2AdcEyF2o,
화성행궁,B_TOR,qo2AdcEyF2o,
빌라마이레아,B_CAF,qo2AdcEyF2o,
ㅡㅡㅡ,ㅡㅡㅡ,ㅡㅡㅡ,
맛집,O,Key8cVYg-qk,
 ,O,Key8cVYg-qk,
찾아,O,Key8cVYg-qk,
 ,O,Key8cVYg-qk,
"브이로그,",O,Key8cVYg-qk,
 ,O,Key8cVYg-qk,
바울아저씨,B_RES,Key8cVYg-qk,
",",O,Key8cVYg-qk,
 ,O,Key8cVYg-qk,
수원화서동,B_LOC,Key8cVYg-qk,
 ,O,Key8cVYg-qk,
|,O,Key8cVYg-qk,
 ,O,Key8cVYg-qk,
choco.tea.vlog,O,Key8cVYg-qk,
 ,O,Key8cVYg-qk,
|,O,Key8cVYg-qk,
ㅡㅡㅡ,ㅡㅡㅡ,ㅡㅡㅡ,
마카롱,O,ZCtiChaUZec,
 ,O,ZCtiChaUZec,
먹방,O,ZCtiChaUZec,
 ,O,ZCtiChaUZec,
!,O,ZCtiChaUZec,
 ,O,ZCtiChaUZec,
수원,B_LOC,ZCtiChaUZec,
 ,O,ZCtiChaUZec,
존맛,O,ZCtiChaUZec,
 ,O,ZCtiChaUZec,
마카롱집에,O,ZCtiChaUZec,
 ,O,ZCtiChaUZec,
가다,O,ZCtiChaUZec,
 ,O,ZCtiChaUZec,
#,O,ZCtiChaUZec,
카페두리두리,B_CAF,ZCtiChaUZec,
 ,O,ZCtiChaUZec,
#,O,ZCtiChaUZec,
망포마카롱,O,ZCtiChaUZec,
 ,O,ZCtiChaUZec,
#,O,ZCtiChaUZec,
수원,B_LOC,ZCtiChaUZec,
마카롱,O,ZCtiChaUZec,
 ,O,ZCtiChaUZec,
#브이로그,O,ZCtiChaUZec,
ㅡㅡㅡ,ㅡㅡㅡ,ㅡㅡㅡ,
Sub),O,mHUJ5_NO0Sc,
 ,O,mHUJ5_NO0Sc,
당일치기,O,mHUJ5_NO0Sc,
 ,O,mHUJ5_NO0Sc,
수원화성,B_TOR,mHUJ5_NO0Sc,
 ,O,mHUJ5_NO0Sc,
여행,O,mHUJ5_NO0Sc,
 ,O,mHUJ5_NO0Sc,
브이로그🏰,O,mHUJ5_NO0Sc,
 ,O,mHUJ5_NO0Sc,
|,O,mHUJ5_NO0Sc,
 ,O,mHUJ5_NO0Sc,
2020년,O,mHUJ5_NO0Sc,
 ,O,mHUJ5_NO0Sc,
마지막,O,mHUJ5_NO0Sc,
 ,O,mHUJ5_NO0Sc,
여행,O,mHUJ5_NO0Sc,
 ,O,mHUJ5_NO0Sc,
|,O,mHUJ5_NO0Sc,
 ,O,mHUJ5_NO0Sc,
Suwon Hwaseong,O,mHUJ5_NO0Sc,
 ,O,mHUJ5_NO0Sc,
Travel,O,mHUJ5_NO0Sc,
 ,O,mHUJ5_NO0Sc,
Vlog,O,mHUJ5_NO0Sc,
 ,O,mHUJ5_NO0Sc,
in,O,mHUJ5_NO0Sc,
 ,O,mHUJ5_NO0Sc,
Korea,O,mHUJ5_NO0Sc,
ㅡㅡㅡ,ㅡㅡㅡ,ㅡㅡㅡ,
집에,O,jTyia-W1Ioc,
 ,O,jTyia-W1Ioc,
안,O,jTyia-W1Ioc,
 ,O,jTyia-W1Ioc,
가고,O,jTyia-W1Ioc,
 ,O,jTyia-W1Ioc,
계속,O,jTyia-W1Ioc,
 ,O,jTyia-W1Ioc,
놀고,O,jTyia-W1Ioc,
 ,O,jTyia-W1Ioc,
싶은,O,jTyia-W1Ioc,
 ,O,jTyia-W1Ioc,
인간들의,O,jTyia-W1Ioc,
 ,O,jTyia-W1Ioc,
수원,B_TOR,jTyia-W1Ioc,
화성,I_TOR,jTyia-W1Ioc,
 ,O,jTyia-W1Ioc,
#여행브이로그,O,jTyia-W1Ioc,
ㅡㅡㅡ,ㅡㅡㅡ,ㅡㅡㅡ,
수원행궁동마실vlog,O,w0KeFnuuq0E,
 ,O,w0KeFnuuq0E,
|,O,w0KeFnuuq0E,
 ,O,w0KeFnuuq0E,
광교라멘,O,w0KeFnuuq0E,
��맛집,O,w0KeFnuuq0E,
 ,O,w0KeFnuuq0E,
|,O,w0KeFnuuq0E,
 ,O,w0KeFnuuq0E,
백금당,B_CAF,w0KeFnuuq0E,
 ,O,w0KeFnuuq0E,
|,O,w0KeFnuuq0E,
 ,O,w0KeFnuuq0E,
수원카페☕,O,w0KeFnuuq0E,
 ,O,w0KeFnuuq0E,
|,O,w0KeFnuuq0E,
 ,O,w0KeFnuuq0E,
여름과,O,w0KeFnuuq0E,
 ,O,w0KeFnuuq0E,
가을사이,O,w0KeFnuuq0E,
��,O,w0KeFnuuq0E,
ㅡㅡㅡ,ㅡㅡㅡ,ㅡㅡㅡ,
조호두,O,VT44zhcR8QA,
 ,O,VT44zhcR8QA,
수원,B_LOC,VT44zhcR8QA,
 ,O,VT44zhcR8QA,
당일치기,O,VT44zhcR8QA,
 ,O,VT44zhcR8QA,
/,O,VT44zhcR8QA,
 ,O,VT44zhcR8QA,
수원,B_LOC,VT44zhcR8QA,
 ,O,VT44zhcR8QA,
애견동반,O,VT44zhcR8QA,
 ,O,VT44zhcR8QA,
/,O,VT44zhcR8QA,
 ,O,VT44zhcR8QA,
마담마담,B_RES,VT44zhcR8QA,
 ,O,VT44zhcR8QA,
/,O,VT44zhcR8QA,
 ,O,VT44zhcR8QA,
장안공원,B_TOR,VT44zhcR8QA,
 ,O,VT44zhcR8QA,
/,O,VT44zhcR8QA,
 ,O,VT44zhcR8QA,
어반벨리801,B_CAF,VT44zhcR8QA,
 ,O,VT44zhcR8QA,
/,O,VT44zhcR8QA,
 ,O,VT44zhcR8QA,
한식,B_RES,VT44zhcR8QA,
대가,I_RES,VT44zhcR8QA,
서서갈비,I_RES,VT44zhcR8QA,
 ,O,VT44zhcR8QA,
/,O,VT44zhcR8QA,
 ,O,VT44zhcR8QA,
강아지,O,VT44zhcR8QA,
 ,O,VT44zhcR8QA,
브이로그,O,VT44zhcR8QA,
ㅡㅡㅡ,ㅡㅡㅡ,ㅡㅡㅡ,
Log,O,QOBAV9rD5vM,
 ,O,QOBAV9rD5vM,
0.02,O,QOBAV9rD5vM,
 ,O,QOBAV9rD5vM,
:,O,QOBAV9rD5vM,
 ,O,QOBAV9rD5vM,
멜,B_CAF,QOBAV9rD5vM,
트어웨이,I_CAF,QOBAV9rD5vM,
 ,O,QOBAV9rD5vM,
/,O,QOBAV9rD5vM,
 ,O,QOBAV9rD5vM,
수원,B_LOC,QOBAV9rD5vM,
카페,O,QOBAV9rD5vM,
 ,O,QOBAV9rD5vM,
/,O,QOBAV9rD5vM,
 ,O,QOBAV9rD5vM,
신동카페거리,B_TOR,QOBAV9rD5vM,
 ,O,QOBAV9rD5vM,
/,O,QOBAV9rD5vM,
 ,O,QOBAV9rD5vM,
조커,O,QOBAV9rD5vM,
 ,O,QOBAV9rD5vM,
/,O,QOBAV9rD5vM,
 ,O,QOBAV9rD5vM,
TGI,O,QOBAV9rD5vM,
 ,O,QOBAV9rD5vM,
/,O,QOBAV9rD5vM,
 ,O,QOBAV9rD5vM,
데이트로그,O,QOBAV9rD5vM,
 ,O,QOBAV9rD5vM,
/,O,QOBAV9rD5vM,
 ,O,QOBAV9rD5vM,
브이로그,O,QOBAV9rD5vM,
ㅡㅡㅡ,ㅡㅡㅡ,ㅡㅡㅡ,
��,O,ul9imh2d5j4,
 ,O,ul9imh2d5j4,
수원,B_TOR,ul9imh2d5j4,
화성,I_TOR,ul9imh2d5j4,
 ,O,ul9imh2d5j4,
곳곳의,O,ul9imh2d5j4,
 ,O,ul9imh2d5j4,
찍기만하면,O,ul9imh2d5j4,
 ,O,ul9imh2d5j4,
인생샷가능,O,ul9imh2d5j4,
 ,O,ul9imh2d5j4,
포토존!!!,O,ul9imh2d5j4,
 ,O,ul9imh2d5j4,
/,O,ul9imh2d5j4,
 ,O,ul9imh2d5j4,
언니,O,ul9imh2d5j4,
랑,O,ul9imh2d5j4,
 ,O,ul9imh2d5j4,
브이로그,O,ul9imh2d5j4,
ㅡㅡㅡ,ㅡㅡㅡ,ㅡㅡㅡ,
수원,B_TOR,0McVQMrdx5g,
행궁,I_TOR,0McVQMrdx5g,
ㅣ벽화마을,O,0McVQMrdx5g,
 ,O,0McVQMrdx5g,
예술공간,B_TOR,0McVQMrdx5g,
봄,I_TOR,0McVQMrdx5g,
 ,O,0McVQMrdx5g,
수원,B_LOC,0McVQMrdx5g,
 ,O,0McVQMrdx5g,
갤러리,O,0McVQMrdx5g,
 ,O,0McVQMrdx5g,
카페ㅣ개인전,O,0McVQMrdx5g,
 ,O,0McVQMrdx5g,
그림,O,0McVQMrdx5g,
 ,O,0McVQMrdx5g,
전시,O,0McVQMrdx5g,
 ,O,0McVQMrdx5g,
설치(,O,0McVQMrdx5g,
작가,O,0McVQMrdx5g,
 ,O,0McVQMrdx5g,
브이로그),O,0McVQMrdx5g,
ㅡㅡㅡ,ㅡㅡㅡ,ㅡㅡㅡ,
[VLOG],O,uZcPBiVQB5A,
 ,O,uZcPBiVQB5A,
수원,B_LOC,uZcPBiVQB5A,
 ,O,uZcPBiVQB5A,
행궁동,B_LOC,uZcPBiVQB5A,
 ,O,uZcPBiVQB5A,
당일치기,O,uZcPBiVQB5A,
 ,O,uZcPBiVQB5A,
여행!,O,uZcPBiVQB5A,
 ,O,uZcPBiVQB5A,
역사,O,uZcPBiVQB5A,
 ,O,uZcPBiVQB5A,
나들이,O,uZcPBiVQB5A,
 ,O,uZcPBiVQB5A,
하고,O,uZcPBiVQB5A,
 ,O,uZcPBiVQB5A,
왔어요~,O,uZcPBiVQB5A,
 ,O,uZcPBiVQB5A,
feat.,O,uZcPBiVQB5A,
 ,O,uZcPBiVQB5A,
화성행궁,B_TOR,uZcPBiVQB5A,
",",O,uZcPBiVQB5A,
 ,O,uZcPBiVQB5A,
방화수류정,B_TOR,uZcPBiVQB5A,
ㅡㅡㅡ,ㅡㅡㅡ,ㅡㅡㅡ,
[,O,jstGmys1xas,
수원,B_LOC,jstGmys1xas,
],O,jstGmys1xas,
 ,O,jstGmys1xas,
가보정,B_RES,jstGmys1xas,
에서,O,jstGmys1xas,
한우생갈비,O,jstGmys1xas,
 ,O,jstGmys1xas,
먹기,O,jstGmys1xas,
 ,O,jstGmys1xas,
(,O,jstGmys1xas,
1인분,O,jstGmys1xas,
에,O,jstGmys1xas,
 ,O,jstGmys1xas,
7만6천원,O,jstGmys1xas,
),O,jstGmys1xas,
 ,O,jstGmys1xas,
#,O,jstGmys1xas,
한국,O,jstGmys1xas,
휴가,O,jstGmys1xas,
5,O,jstGmys1xas,
 ,O,jstGmys1xas,
-,O,jstGmys1xas,
 ,O,jstGmys1xas,
카타르,O,jstGmys1xas,
 ,O,jstGmys1xas,
한필,O,jstGmys1xas,
가족,O,jstGmys1xas,
 ,O,jstGmys1xas,
브이로그,O,jstGmys1xas,
ㅡㅡㅡ,ㅡㅡㅡ,ㅡㅡㅡ,
[Vlog],O,VaJA9II8CNc,
 ,O,VaJA9II8CNc,
여름,O,VaJA9II8CNc,
과,O,VaJA9II8CNc,
 ,O,VaJA9II8CNc,
가을,O,VaJA9II8CNc,
 ,O,VaJA9II8CNc,
그,O,VaJA9II8CNc,
 ,O,VaJA9II8CNc,
사이,O,VaJA9II8CNc,
 ,O,VaJA9II8CNc,
어디쯤...,O,VaJA9II8CNc,
늦여름,O,VaJA9II8CNc,
 ,O,VaJA9II8CNc,
브이로그,O,VaJA9II8CNc,
 ,O,VaJA9II8CNc,
��🍂|,O,VaJA9II8CNc,
 ,O,VaJA9II8CNc,
광교산,B_TOR,VaJA9II8CNc,
 ,O,VaJA9II8CNc,
산행기,O,VaJA9II8CNc,
 ,O,VaJA9II8CNc,
��|,O,VaJA9II8CNc,
 ,O,VaJA9II8CNc,
광교산,B_RES,VaJA9II8CNc,
형제농원,I_RES,VaJA9II8CNc,
��,O,VaJA9II8CNc,
 ,O,VaJA9II8CNc,
|,O,VaJA9II8CNc,
 ,O,VaJA9II8CNc,
삼겹살 구이,O,VaJA9II8CNc,
 ,O,VaJA9II8CNc,
��|,O,VaJA9II8CNc,
 ,O,VaJA9II8CNc,
수원,B_LOC,VaJA9II8CNc,
 ,O,VaJA9II8CNc,
쌀국수,O,VaJA9II8CNc,
 ,O,VaJA9II8CNc,
맛집,O,VaJA9II8CNc,
 ,O,VaJA9II8CNc,
��|,O,VaJA9II8CNc,
ㅡㅡㅡ,ㅡㅡㅡ,ㅡㅡㅡ,
[,O,frhzTZZWnYE,
하누싸장,O,frhzTZZWnYE,
��🏻,O,frhzTZZWnYE,
 ,O,frhzTZZWnYE,
VLOG,O,frhzTZZWnYE,
],O,frhzTZZWnYE,
 ,O,frhzTZZWnYE,
휴무,O,frhzTZZWnYE,
 ,O,frhzTZZWnYE,
/,O,frhzTZZWnYE,
 ,O,frhzTZZWnYE,
휴무브이로그,O,frhzTZZWnYE,
 ,O,frhzTZZWnYE,
/,O,frhzTZZWnYE,
 ,O,frhzTZZWnYE,
가을,O,frhzTZZWnYE,
날씨,O,frhzTZZWnYE,
 ,O,frhzTZZWnYE,
/,O,frhzTZZWnYE,
 ,O,frhzTZZWnYE,
수원,B_LOC,frhzTZZWnYE,
 ,O,frhzTZZWnYE,
여행,O,frhzTZZWnYE,
 ,O,frhzTZZWnYE,
(?),O,frhzTZZWnYE,
 ,O,frhzTZZWnYE,
/,O,frhzTZZWnYE,
 ,O,frhzTZZWnYE,
용화사,B_TOR,frhzTZZWnYE,
 ,O,frhzTZZWnYE,
방문,O,frhzTZZWnYE,
 ,O,frhzTZZWnYE,
/,O,frhzTZZWnYE,
 ,O,frhzTZZWnYE,
보드게임,O,frhzTZZWnYE,
 ,O,frhzTZZWnYE,
맛집/,O,frhzTZZWnYE,
 ,O,frhzTZZWnYE,
오징어게임,O,frhzTZZWnYE,
같은,O,frhzTZZWnYE,
 ,O,frhzTZZWnYE,
추억의,O,frhzTZZWnYE,
 ,O,frhzTZZWnYE,
게임,O,frhzTZZWnYE,
 ,O,frhzTZZWnYE,
/,O,frhzTZZWnYE,
 ,O,frhzTZZWnYE,
할리,O,frhzTZZWnYE,
갈리,O,frhzTZZWnYE,
/도둑잡기,O,frhzTZZWnYE,
ㅡㅡㅡ,ㅡㅡㅡ,ㅡㅡㅡ,
[,O,4VJAhnGP4ls,
커플,O,4VJAhnGP4ls,
vlog],O,4VJAhnGP4ls,
 ,O,4VJAhnGP4ls,
수원,B_LOC,4VJAhnGP4ls,
 ,O,4VJAhnGP4ls,
행궁동,B_LOC,4VJAhnGP4ls,
에서,O,4VJAhnGP4ls,
 ,O,4VJAhnGP4ls,
소소한,O,4VJAhnGP4ls,
 ,O,4VJAhnGP4ls,
일상,O,4VJAhnGP4ls,
 ,O,4VJAhnGP4ls,
브이로그🪁,O,4VJAhnGP4ls,
 ,O,4VJAhnGP4ls,
|,O,4VJAhnGP4ls,
 ,O,4VJAhnGP4ls,
방화수류정,B_TOR,4VJAhnGP4ls,
 ,O,4VJAhnGP4ls,
드디어,O,4VJAhnGP4ls,
 ,O,4VJAhnGP4ls,
다녀오다,O,4VJAhnGP4ls,
 ,O,4VJAhnGP4ls,
|,O,4VJAhnGP4ls,
 ,O,4VJAhnGP4ls,
가을,O,4VJAhnGP4ls,
이,O,4VJAhnGP4ls,
 ,O,4VJAhnGP4ls,
아닌,O,4VJAhnGP4ls,
 ,O,4VJAhnGP4ls,
겨울,O,4VJAhnGP4ls,
?🍁,O,4VJAhnGP4ls,
 ,O,4VJAhnGP4ls,
|,O,4VJAhnGP4ls,
 ,O,4VJAhnGP4ls,
유독,O,4VJAhnGP4ls,
 ,O,4VJAhnGP4ls,
식욕이,O,4VJAhnGP4ls,
 ,O,4VJAhnGP4ls,
넘쳤던,O,4VJAhnGP4ls,
 ,O,4VJAhnGP4ls,
먹방하루🥲,O,4VJAhnGP4ls,
 ,O,4VJAhnGP4ls,
|,O,4VJAhnGP4ls,
 ,O,4VJAhnGP4ls,
카페디저트,O,4VJAhnGP4ls,
��,O,4VJAhnGP4ls,
ㅡㅡㅡ,ㅡㅡㅡ,ㅡㅡㅡ,
