단어,개체명 인식,id,***
[VLOG],O,zzngqJQhck4,
 ,O,zzngqJQhck4,
일상,O,zzngqJQhck4,
 ,O,zzngqJQhck4,
"브이로그,",O,zzngqJQhck4,
 ,O,zzngqJQhck4,
청주,B_LOC,zzngqJQhck4,
 ,O,zzngqJQhck4,
"브이로그,",O,zzngqJQhck4,
 ,O,zzngqJQhck4,
리얼리제이션,O,zzngqJQhck4,
 ,O,zzngqJQhck4,
"언박싱??,",O,zzngqJQhck4,
 ,O,zzngqJQhck4,
망고 빙수,O,zzngqJQhck4,
와,O,zzngqJQhck4,
 ,O,zzngqJQhck4,
함께,O,zzngqJQhck4,
 ,O,zzngqJQhck4,
즐기는,O,zzngqJQhck4,
 ,O,zzngqJQhck4,
청주,B_LOC,zzngqJQhck4,
 ,O,zzngqJQhck4,
여름,O,zzngqJQhck4,
",",O,zzngqJQhck4,
 ,O,zzngqJQhck4,
친구,O,zzngqJQhck4,
랑,O,zzngqJQhck4,
 ,O,zzngqJQhck4,
데이트??(,O,zzngqJQhck4,
f,O,zzngqJQhck4,
.,O,zzngqJQhck4,
 ,O,zzngqJQhck4,
변둔리,O,zzngqJQhck4,
",",O,zzngqJQhck4,
 ,O,zzngqJQhck4,
아트빈,B_CAF,zzngqJQhck4,
",",O,zzngqJQhck4,
 ,O,zzngqJQhck4,
커피호스텔,B_CAF,zzngqJQhck4,
",",O,zzngqJQhck4,
 ,O,zzngqJQhck4,
뮤제오,O,zzngqJQhck4,
",",O,zzngqJQhck4,
 ,O,zzngqJQhck4,
이조,B_RES,zzngqJQhck4,
),O,zzngqJQhck4,
ㅡㅡㅡ,ㅡㅡㅡ,ㅡㅡㅡ,
[브이로그]일상,O,PBXT8O_WoU0,
 ,O,PBXT8O_WoU0,
"브이로그,",O,PBXT8O_WoU0,
 ,O,PBXT8O_WoU0,
청주,B_LOC,PBXT8O_WoU0,
 ,O,PBXT8O_WoU0,
"브이로그,",O,PBXT8O_WoU0,
 ,O,PBXT8O_WoU0,
청주,B_LOC,PBXT8O_WoU0,
 ,O,PBXT8O_WoU0,
신상,O,PBXT8O_WoU0,
 ,O,PBXT8O_WoU0,
카페,O,PBXT8O_WoU0,
 ,O,PBXT8O_WoU0,
투어?,O,PBXT8O_WoU0,
 ,O,PBXT8O_WoU0,
그리고,O,PBXT8O_WoU0,
 ,O,PBXT8O_WoU0,
친구,O,PBXT8O_WoU0,
들이랑,O,PBXT8O_WoU0,
 ,O,PBXT8O_WoU0,
데이트(,O,PBXT8O_WoU0,
f,O,PBXT8O_WoU0,
. 리파인,B_RES,PBXT8O_WoU0,
",",O,PBXT8O_WoU0,
 ,O,PBXT8O_WoU0,
다이어,B_CAF,PBXT8O_WoU0,
",",O,PBXT8O_WoU0,
 ,O,PBXT8O_WoU0,
이런이궈,B_RES,PBXT8O_WoU0,
",",O,PBXT8O_WoU0,
 ,O,PBXT8O_WoU0,
킨토토,B_RES,PBXT8O_WoU0,
",",O,PBXT8O_WoU0,
 ,O,PBXT8O_WoU0,
데어데어,B_CAF,PBXT8O_WoU0,
",",O,PBXT8O_WoU0,
 ,O,PBXT8O_WoU0,
스시키타이,B_RES,PBXT8O_WoU0,
",",O,PBXT8O_WoU0,
 ,O,PBXT8O_WoU0,
에이커,B_CAF,PBXT8O_WoU0,
),O,PBXT8O_WoU0,
ㅡㅡㅡ,ㅡㅡㅡ,ㅡㅡㅡ,
[vlog#6],O,Wpd6BQENZwA,
 ,O,Wpd6BQENZwA,
공무원,O,Wpd6BQENZwA,
 ,O,Wpd6BQENZwA,
브이로그|브이로그를,O,Wpd6BQENZwA,
 ,O,Wpd6BQENZwA,
가장한,O,Wpd6BQENZwA,
 ,O,Wpd6BQENZwA,
맛집,O,Wpd6BQENZwA,
 ,O,Wpd6BQENZwA,
소개,O,Wpd6BQENZwA,
 ,O,Wpd6BQENZwA,
??|,O,Wpd6BQENZwA,
청주,B_LOC,Wpd6BQENZwA,
맛집|,O,Wpd6BQENZwA,
청주,B_LOC,Wpd6BQENZwA,
카페추천|,O,Wpd6BQENZwA,
헤도닉,B_RES,Wpd6BQENZwA,
|,O,Wpd6BQENZwA,
이안테라스,B_CAF,Wpd6BQENZwA,
|,O,Wpd6BQENZwA,
도브테일,B_CAF,Wpd6BQENZwA,
|,O,Wpd6BQENZwA,
수암골,B_TOR,Wpd6BQENZwA,
|,O,Wpd6BQENZwA,
오지,B_CAF,Wpd6BQENZwA,
|,O,Wpd6BQENZwA,
나이스보울,O,Wpd6BQENZwA,
|,O,Wpd6BQENZwA,
맛있는정원,B_RES,Wpd6BQENZwA,
|,O,Wpd6BQENZwA,
오겹살,O,Wpd6BQENZwA,
맛집|,O,Wpd6BQENZwA,
식한남자들,O,Wpd6BQENZwA,
|,O,Wpd6BQENZwA,
쌀국수,O,Wpd6BQENZwA,
맛집,O,Wpd6BQENZwA,
ㅡㅡㅡ,ㅡㅡㅡ,ㅡㅡㅡ,
[,O,1PG9Ct3V8jM,
VLOG,O,1PG9Ct3V8jM,
],O,1PG9Ct3V8jM,
 ,O,1PG9Ct3V8jM,
첫,O,1PG9Ct3V8jM,
 ,O,1PG9Ct3V8jM,
브이로그Vv/,O,1PG9Ct3V8jM,
청주,B_LOC,1PG9Ct3V8jM,
 ,O,1PG9Ct3V8jM,
정북동,B_TOR,1PG9Ct3V8jM,
 ,O,1PG9Ct3V8jM,
토성,B_TOR,1PG9Ct3V8jM,
/,O,1PG9Ct3V8jM,
아트빈,B_CAF,1PG9Ct3V8jM,
 ,O,1PG9Ct3V8jM,
카페/,O,1PG9Ct3V8jM,
뮁란바게트,O,1PG9Ct3V8jM,
 ,O,1PG9Ct3V8jM,
첫,O,1PG9Ct3V8jM,
 ,O,1PG9Ct3V8jM,
영접??/,O,1PG9Ct3V8jM,
토성,B_TOR,1PG9Ct3V8jM,
에서,O,1PG9Ct3V8jM,
 ,O,1PG9Ct3V8jM,
까불어,O,1PG9Ct3V8jM,
 ,O,1PG9Ct3V8jM,
재끼기/,O,1PG9Ct3V8jM,
귀뚜라미,O,1PG9Ct3V8jM,
 ,O,1PG9Ct3V8jM,
A,O,1PG9Ct3V8jM,
SMR/비,O,1PG9Ct3V8jM,
 ,O,1PG9Ct3V8jM,
오는,O,1PG9Ct3V8jM,
 ,O,1PG9Ct3V8jM,
날,O,1PG9Ct3V8jM,
 ,O,1PG9Ct3V8jM,
우산,O,1PG9Ct3V8jM,
 ,O,1PG9Ct3V8jM,
없이,O,1PG9Ct3V8jM,
 ,O,1PG9Ct3V8jM,
나들이??,O,1PG9Ct3V8jM,
ㅡㅡㅡ,ㅡㅡㅡ,ㅡㅡㅡ,
[,O,LvYvfq48SAM,
VLOG,O,LvYvfq48SAM,
],O,LvYvfq48SAM,
 ,O,LvYvfq48SAM,
주규다오 청주브이로그,O,LvYvfq48SAM,
 ,O,LvYvfq48SAM,
|,O,LvYvfq48SAM,
 ,O,LvYvfq48SAM,
느루밥집,B_RES,LvYvfq48SAM,
 ,O,LvYvfq48SAM,
|,O,LvYvfq48SAM,
 ,O,LvYvfq48SAM,
에이커,B_CAF,LvYvfq48SAM,
 ,O,LvYvfq48SAM,
|,O,LvYvfq48SAM,
 ,O,LvYvfq48SAM,
스튜디오 라디오르,O,LvYvfq48SAM,
 ,O,LvYvfq48SAM,
|,O,LvYvfq48SAM,
 ,O,LvYvfq48SAM,
추정리,B_TOR,LvYvfq48SAM,
 ,O,LvYvfq48SAM,
메밀밭,O,LvYvfq48SAM,
 ,O,LvYvfq48SAM,
|,O,LvYvfq48SAM,
 ,O,LvYvfq48SAM,
상리의,O,LvYvfq48SAM,
 ,O,LvYvfq48SAM,
하루,O,LvYvfq48SAM,
 ,O,LvYvfq48SAM,
|,O,LvYvfq48SAM,
 ,O,LvYvfq48SAM,
와인,O,LvYvfq48SAM,
잔,O,LvYvfq48SAM,
 ,O,LvYvfq48SAM,
DIY??,O,LvYvfq48SAM,
 ,O,LvYvfq48SAM,
|,O,LvYvfq48SAM,
 ,O,LvYvfq48SAM,
전사지원데이클래스,O,LvYvfq48SAM,
ㅡㅡㅡ,ㅡㅡㅡ,ㅡㅡㅡ,
[vlog],O,6ecKhEr8QyI,
 ,O,6ecKhEr8QyI,
청주,B_LOC,6ecKhEr8QyI,
 ,O,6ecKhEr8QyI,
"브이로그,",O,6ecKhEr8QyI,
 ,O,6ecKhEr8QyI,
콧바람??,O,6ecKhEr8QyI,
 ,O,6ecKhEr8QyI,
쐬러,O,6ecKhEr8QyI,
 ,O,6ecKhEr8QyI,
나들이??,O,6ecKhEr8QyI,
 ,O,6ecKhEr8QyI,
브리밍,O,6ecKhEr8QyI,
 ,O,6ecKhEr8QyI,
/,O,6ecKhEr8QyI,
 ,O,6ecKhEr8QyI,
라토커피,B_CAF,6ecKhEr8QyI,
 ,O,6ecKhEr8QyI,
/,O,6ecKhEr8QyI,
 ,O,6ecKhEr8QyI,
노티스,B_TOR,6ecKhEr8QyI,
 ,O,6ecKhEr8QyI,
/,O,6ecKhEr8QyI,
 ,O,6ecKhEr8QyI,
소소로와,B_TOR,6ecKhEr8QyI,
 ,O,6ecKhEr8QyI,
/,O,6ecKhEr8QyI,
 ,O,6ecKhEr8QyI,
정북동토성,B_TOR,6ecKhEr8QyI,
ㅡㅡㅡ,ㅡㅡㅡ,ㅡㅡㅡ,
8월,O,DyKKJQvCetI,
 ,O,DyKKJQvCetI,
브이로그,O,DyKKJQvCetI,
 ,O,DyKKJQvCetI,
|,O,DyKKJQvCetI,
 ,O,DyKKJQvCetI,
청주,B_LOC,DyKKJQvCetI,
 ,O,DyKKJQvCetI,
아트빈,B_CAF,DyKKJQvCetI,
 ,O,DyKKJQvCetI,
|,O,DyKKJQvCetI,
 ,O,DyKKJQvCetI,
중앙탑,O,DyKKJQvCetI,
 ,O,DyKKJQvCetI,
막국수,O,DyKKJQvCetI,
 ,O,DyKKJQvCetI,
|,O,DyKKJQvCetI,
 ,O,DyKKJQvCetI,
복숭아 그릭 요거트,O,DyKKJQvCetI,
 ,O,DyKKJQvCetI,
만들기,O,DyKKJQvCetI,
ㅡㅡㅡ,ㅡㅡㅡ,ㅡㅡㅡ,
vlog12,O,NBcGkaeltUg,
 ,O,NBcGkaeltUg,
(,O,NBcGkaeltUg,
일상브이로그,O,NBcGkaeltUg,
).,O,NBcGkaeltUg,
 ,O,NBcGkaeltUg,
:,O,NBcGkaeltUg,
 ,O,NBcGkaeltUg,
4년차,O,NBcGkaeltUg,
 ,O,NBcGkaeltUg,
장거리,O,NBcGkaeltUg,
 ,O,NBcGkaeltUg,
커플,O,NBcGkaeltUg,
 ,O,NBcGkaeltUg,
/,O,NBcGkaeltUg,
 ,O,NBcGkaeltUg,
데이트로그,O,NBcGkaeltUg,
 ,O,NBcGkaeltUg,
/,O,NBcGkaeltUg,
 ,O,NBcGkaeltUg,
청주,B_LOC,NBcGkaeltUg,
 ,O,NBcGkaeltUg,
핫플,O,NBcGkaeltUg,
 ,O,NBcGkaeltUg,
/,O,NBcGkaeltUg,
 ,O,NBcGkaeltUg,
청주,B_LOC,NBcGkaeltUg,
 ,O,NBcGkaeltUg,
당일치기,O,NBcGkaeltUg,
 ,O,NBcGkaeltUg,
데이트,O,NBcGkaeltUg,
 ,O,NBcGkaeltUg,
/,O,NBcGkaeltUg,
 ,O,NBcGkaeltUg,
소로리,B_RES,NBcGkaeltUg,
 ,O,NBcGkaeltUg,
/,O,NBcGkaeltUg,
 ,O,NBcGkaeltUg,
캡쳐,O,NBcGkaeltUg,
 ,O,NBcGkaeltUg,
편집샵,O,NBcGkaeltUg,
 ,O,NBcGkaeltUg,
/,O,NBcGkaeltUg,
 ,O,NBcGkaeltUg,
정북동토성,B_TOR,NBcGkaeltUg,
 ,O,NBcGkaeltUg,
/,O,NBcGkaeltUg,
 ,O,NBcGkaeltUg,
키프키프,B_CAF,NBcGkaeltUg,
 ,O,NBcGkaeltUg,
/,O,NBcGkaeltUg,
 ,O,NBcGkaeltUg,
킨토토 마제소바,B_RES,NBcGkaeltUg,
ㅡㅡㅡ,ㅡㅡㅡ,ㅡㅡㅡ,
청주,B_LOC,3LS3zoXlb4g,
 ,O,3LS3zoXlb4g,
여행,O,3LS3zoXlb4g,
 ,O,3LS3zoXlb4g,
브이로그,O,3LS3zoXlb4g,
 ,O,3LS3zoXlb4g,
(,O,3LS3zoXlb4g,
소로리,B_RES,3LS3zoXlb4g,
",",O,3LS3zoXlb4g,
 ,O,3LS3zoXlb4g,
라토커피,B_CAF,3LS3zoXlb4g,
",",O,3LS3zoXlb4g,
 ,O,3LS3zoXlb4g,
밀실),B_RES,3LS3zoXlb4g,
 ,O,3LS3zoXlb4g,
|,O,3LS3zoXlb4g,
 ,O,3LS3zoXlb4g,
언박싱,O,3LS3zoXlb4g,
 ,O,3LS3zoXlb4g,
(,O,3LS3zoXlb4g,
마지셔우드가방,O,3LS3zoXlb4g,
",",O,3LS3zoXlb4g,
 ,O,3LS3zoXlb4g,
애플워치se,O,3LS3zoXlb4g,
),O,3LS3zoXlb4g,
 ,O,3LS3zoXlb4g,
|,O,3LS3zoXlb4g,
 ,O,3LS3zoXlb4g,
먹방브이로그,O,3LS3zoXlb4g,
 ,O,3LS3zoXlb4g,
(,O,3LS3zoXlb4g,
엽떡로제,O,3LS3zoXlb4g,
",",O,3LS3zoXlb4g,
 ,O,3LS3zoXlb4g,
냉우동,O,3LS3zoXlb4g,
",",O,3LS3zoXlb4g,
 ,O,3LS3zoXlb4g,
회,O,3LS3zoXlb4g,
),O,3LS3zoXlb4g,
 ,O,3LS3zoXlb4g,
|,O,3LS3zoXlb4g,
 ,O,3LS3zoXlb4g,
대전,B_LOC,3LS3zoXlb4g,*
여행,O,3LS3zoXlb4g,
 ,O,3LS3zoXlb4g,
(,O,3LS3zoXlb4g,
현대아울렛,O,3LS3zoXlb4g,
",",O,3LS3zoXlb4g,
 ,O,3LS3zoXlb4g,
커피,O,3LS3zoXlb4g,
인터뷰),O,3LS3zoXlb4g,
ㅡㅡㅡ,ㅡㅡㅡ,ㅡㅡㅡ,
[브이로그,O,Tj40IzxQHsM,
 ,O,Tj40IzxQHsM,
-,O,Tj40IzxQHsM,
 ,O,Tj40IzxQHsM,
VLOG,O,Tj40IzxQHsM,
],O,Tj40IzxQHsM,
 ,O,Tj40IzxQHsM,
일상,O,Tj40IzxQHsM,
 ,O,Tj40IzxQHsM,
브이로그,O,Tj40IzxQHsM,
 ,O,Tj40IzxQHsM,
/,O,Tj40IzxQHsM,
 ,O,Tj40IzxQHsM,
나들이,O,Tj40IzxQHsM,
 ,O,Tj40IzxQHsM,
/,O,Tj40IzxQHsM,
 ,O,Tj40IzxQHsM,
피크닉,O,Tj40IzxQHsM,
 ,O,Tj40IzxQHsM,
/,O,Tj40IzxQHsM,
 ,O,Tj40IzxQHsM,
청주,B_LOC,Tj40IzxQHsM,
 ,O,Tj40IzxQHsM,
/,O,Tj40IzxQHsM,
 ,O,Tj40IzxQHsM,
문암생태공원,B_TOR,Tj40IzxQHsM,
 ,O,Tj40IzxQHsM,
/,O,Tj40IzxQHsM,
 ,O,Tj40IzxQHsM,
명랑핫도그,O,Tj40IzxQHsM,
 ,O,Tj40IzxQHsM,
/,O,Tj40IzxQHsM,
 ,O,Tj40IzxQHsM,
족발,O,Tj40IzxQHsM,
.,O,Tj40IzxQHsM,
막국수,O,Tj40IzxQHsM,
 ,O,Tj40IzxQHsM,
/,O,Tj40IzxQHsM,
 ,O,Tj40IzxQHsM,
내사랑밭두,O,Tj40IzxQHsM,
렁,O,Tj40IzxQHsM,
 ,O,Tj40IzxQHsM,
/,O,Tj40IzxQHsM,
 ,O,Tj40IzxQHsM,
힐링타임,O,Tj40IzxQHsM,
 ,O,Tj40IzxQHsM,
/,O,Tj40IzxQHsM,
 ,O,Tj40IzxQHsM,
소중한사람,O,Tj40IzxQHsM,
들,O,Tj40IzxQHsM,
ㅡㅡㅡ,ㅡㅡㅡ,ㅡㅡㅡ,
??,O,EPUjAisWQkI,
 ,O,EPUjAisWQkI,
생일브이로그,O,EPUjAisWQkI,
 ,O,EPUjAisWQkI,
/,O,EPUjAisWQkI,
 ,O,EPUjAisWQkI,
청주,B_LOC,EPUjAisWQkI,
데이트,O,EPUjAisWQkI,
 ,O,EPUjAisWQkI,
/,O,EPUjAisWQkI,
 ,O,EPUjAisWQkI,
청주,B_LOC,EPUjAisWQkI,
카페,O,EPUjAisWQkI,
 ,O,EPUjAisWQkI,
/,O,EPUjAisWQkI,
 ,O,EPUjAisWQkI,
브리밍,B_CAF,EPUjAisWQkI,
 ,O,EPUjAisWQkI,
/,O,EPUjAisWQkI,
 ,O,EPUjAisWQkI,
청주,B_LOC,EPUjAisWQkI,
맛집,O,EPUjAisWQkI,
 ,O,EPUjAisWQkI,
/,O,EPUjAisWQkI,
 ,O,EPUjAisWQkI,
머물던자리,B_RES,EPUjAisWQkI,
 ,O,EPUjAisWQkI,
/,O,EPUjAisWQkI,
 ,O,EPUjAisWQkI,
정북동토성,B_TOR,EPUjAisWQkI,
 ,O,EPUjAisWQkI,
/,O,EPUjAisWQkI,
 ,O,EPUjAisWQkI,
생일파티,O,EPUjAisWQkI,
ㅡㅡㅡ,ㅡㅡㅡ,ㅡㅡㅡ,
1박 2일,O,XeEQ9ms6--E,
 ,O,XeEQ9ms6--E,
청주,B_LOC,XeEQ9ms6--E,
여행,O,XeEQ9ms6--E,
 ,O,XeEQ9ms6--E,
2탄,O,XeEQ9ms6--E,
 ,O,XeEQ9ms6--E,
"브이로그,",O,XeEQ9ms6--E,
 ,O,XeEQ9ms6--E,
청주,B_LOC,XeEQ9ms6--E,
가,O,XeEQ9ms6--E,
 ,O,XeEQ9ms6--E,
시댁인,O,XeEQ9ms6--E,
 ,O,XeEQ9ms6--E,
청주,B_LOC,XeEQ9ms6--E,
러,O,XeEQ9ms6--E,
버의,O,XeEQ9ms6--E,
 ,O,XeEQ9ms6--E,
시댁방문,O,XeEQ9ms6--E,
 ,O,XeEQ9ms6--E,
겸,O,XeEQ9ms6--E,
 ,O,XeEQ9ms6--E,
여행!,O,XeEQ9ms6--E,
 ,O,XeEQ9ms6--E,
찐,O,XeEQ9ms6--E,
 ,O,XeEQ9ms6--E,
주민,O,XeEQ9ms6--E,
 ,O,XeEQ9ms6--E,
추천,O,XeEQ9ms6--E,
 ,O,XeEQ9ms6--E,
청주,B_LOC,XeEQ9ms6--E,
 ,O,XeEQ9ms6--E,
"맛집,",O,XeEQ9ms6--E,
 ,O,XeEQ9ms6--E,
수암골,B_TOR,XeEQ9ms6--E,
 ,O,XeEQ9ms6--E,
"카페,",O,XeEQ9ms6--E,
 ,O,XeEQ9ms6--E,
운보의집,B_TOR,XeEQ9ms6--E,
",",O,XeEQ9ms6--E,
 ,O,XeEQ9ms6--E,
장군집,B_RES,XeEQ9ms6--E,
 ,O,XeEQ9ms6--E,
청주,B_LOC,XeEQ9ms6--E,
 ,O,XeEQ9ms6--E,
가볼만한,O,XeEQ9ms6--E,
 ,O,XeEQ9ms6--E,
곳,O,XeEQ9ms6--E,
 ,O,XeEQ9ms6--E,
추천!,O,XeEQ9ms6--E,
ㅡㅡㅡ,ㅡㅡㅡ,ㅡㅡㅡ,
10월,O,pVuVqHfpO4I,
 ,O,pVuVqHfpO4I,
청주,B_LOC,pVuVqHfpO4I,
 ,O,pVuVqHfpO4I,
브이로그,O,pVuVqHfpO4I,
 ,O,pVuVqHfpO4I,
/,O,pVuVqHfpO4I,
 ,O,pVuVqHfpO4I,
정북동,B_TOR,pVuVqHfpO4I,
토성,I_TOR,pVuVqHfpO4I,
",",O,pVuVqHfpO4I,
 ,O,pVuVqHfpO4I,
라비린스 천국의 계단,B_CAF,pVuVqHfpO4I,
",",O,pVuVqHfpO4I,
 ,O,pVuVqHfpO4I,
삼일회센타,B_RES,pVuVqHfpO4I,
",",O,pVuVqHfpO4I,
 ,O,pVuVqHfpO4I,
불대포,B_RES,pVuVqHfpO4I,
",",O,pVuVqHfpO4I,
 ,O,pVuVqHfpO4I,
쇼킹,B_RES,pVuVqHfpO4I,
",",O,pVuVqHfpO4I,
 ,O,pVuVqHfpO4I,
두 남자의 사랑방,B_RES,pVuVqHfpO4I,
",",O,pVuVqHfpO4I,
 ,O,pVuVqHfpO4I,
킹스햄버거,B_RES,pVuVqHfpO4I,
 ,O,pVuVqHfpO4I,
/,O,pVuVqHfpO4I,
 ,O,pVuVqHfpO4I,
청주,B_LOC,pVuVqHfpO4I,
 ,O,pVuVqHfpO4I,
"맛집,",O,pVuVqHfpO4I,
 ,O,pVuVqHfpO4I,
"술집,",O,pVuVqHfpO4I,
 ,O,pVuVqHfpO4I,
"카페,",O,pVuVqHfpO4I,
 ,O,pVuVqHfpO4I,
데이트코스,O,pVuVqHfpO4I,
 ,O,pVuVqHfpO4I,
추천,O,pVuVqHfpO4I,
ㅡㅡㅡ,ㅡㅡㅡ,ㅡㅡㅡ,
여러분,O,wcK7XdntL2Q,
 ,O,wcK7XdntL2Q,
저,O,wcK7XdntL2Q,
 ,O,wcK7XdntL2Q,
결혼합니다,O,wcK7XdntL2Q,
 ,O,wcK7XdntL2Q,
???????????,O,wcK7XdntL2Q,
 ,O,wcK7XdntL2Q,
|,O,wcK7XdntL2Q,
 ,O,wcK7XdntL2Q,
예식장,O,wcK7XdntL2Q,
 ,O,wcK7XdntL2Q,
브이로그,O,wcK7XdntL2Q,
 ,O,wcK7XdntL2Q,
|,O,wcK7XdntL2Q,
 ,O,wcK7XdntL2Q,
예식장,O,wcK7XdntL2Q,
 ,O,wcK7XdntL2Q,
뷔페,O,wcK7XdntL2Q,
 ,O,wcK7XdntL2Q,
??,O,wcK7XdntL2Q,
 ,O,wcK7XdntL2Q,
|,O,wcK7XdntL2Q,
 ,O,wcK7XdntL2Q,
청주,B_LOC,wcK7XdntL2Q,
 ,O,wcK7XdntL2Q,
수암골,B_TOR,wcK7XdntL2Q,
 ,O,wcK7XdntL2Q,
?,O,wcK7XdntL2Q,
 ,O,wcK7XdntL2Q,
|,O,wcK7XdntL2Q,
 ,O,wcK7XdntL2Q,
고등학생,O,wcK7XdntL2Q,
이,O,wcK7XdntL2Q,
 ,O,wcK7XdntL2Q,
결혼을,O,wcK7XdntL2Q,
 ,O,wcK7XdntL2Q,
해??,O,wcK7XdntL2Q,
ㅡㅡㅡ,ㅡㅡㅡ,ㅡㅡㅡ,
[일상]그녀와,O,Sa8ce3y4jps,
 ,O,Sa8ce3y4jps,
청주,B_LOC,Sa8ce3y4jps,
여행,O,Sa8ce3y4jps,
 ,O,Sa8ce3y4jps,
브이로그.,O,Sa8ce3y4jps,
 ,O,Sa8ce3y4jps,
+,O,Sa8ce3y4jps,
스시마루,B_RES,Sa8ce3y4jps,
",",O,Sa8ce3y4jps,
 ,O,Sa8ce3y4jps,
골목다방 청대점,B_RES,Sa8ce3y4jps,
",",O,Sa8ce3y4jps,
 ,O,Sa8ce3y4jps,
정북토성,B_TOR,Sa8ce3y4jps,
",",O,Sa8ce3y4jps,
 ,O,Sa8ce3y4jps,
수암골,B_TOR,Sa8ce3y4jps,
 ,O,Sa8ce3y4jps,
풀문,B_CAF,Sa8ce3y4jps,
 ,O,Sa8ce3y4jps,
+,O,Sa8ce3y4jps,
룩켄클럽,O,Sa8ce3y4jps,
 ,O,Sa8ce3y4jps,
켄다마,O,Sa8ce3y4jps,
 ,O,Sa8ce3y4jps,
모임,O,Sa8ce3y4jps,
 ,O,Sa8ce3y4jps,
(일상 Vlog,O,Sa8ce3y4jps,
),O,Sa8ce3y4jps,
ㅡㅡㅡ,ㅡㅡㅡ,ㅡㅡㅡ,
[,O,JY_77CLL0Gs,
일상브이로,O,JY_77CLL0Gs,
그,O,JY_77CLL0Gs,
 ,O,JY_77CLL0Gs,
#,O,JY_77CLL0Gs,
8,O,JY_77CLL0Gs,
],O,JY_77CLL0Gs,
 ,O,JY_77CLL0Gs,
??,O,JY_77CLL0Gs,
청주,B_LOC,JY_77CLL0Gs,
 ,O,JY_77CLL0Gs,
핫플,O,JY_77CLL0Gs,
 ,O,JY_77CLL0Gs,
유명맛집탐방,O,JY_77CLL0Gs,
 ,O,JY_77CLL0Gs,
5곳,O,JY_77CLL0Gs,
???,O,JY_77CLL0Gs,
 ,O,JY_77CLL0Gs,
/,O,JY_77CLL0Gs,
카페공원,B_CAF,JY_77CLL0Gs,
크로플,O,JY_77CLL0Gs,
 ,O,JY_77CLL0Gs,
?,O,JY_77CLL0Gs,
 ,O,JY_77CLL0Gs,
금옥돌짜장,B_RES,JY_77CLL0Gs,
 ,O,JY_77CLL0Gs,
?,O,JY_77CLL0Gs,
고구려,B_RES,JY_77CLL0Gs,
짬뽕,I_RES,JY_77CLL0Gs,
 ,O,JY_77CLL0Gs,
?,O,JY_77CLL0Gs,
모치모치,B_RES,JY_77CLL0Gs,
소바,I_RES,JY_77CLL0Gs,
 ,O,JY_77CLL0Gs,
?,O,JY_77CLL0Gs,
두레,B_CAF,JY_77CLL0Gs,
베이커리,I_CAF,JY_77CLL0Gs,
ㅡㅡㅡ,ㅡㅡㅡ,ㅡㅡㅡ,
[,O,mbtxyZYZMSs,
청주,B_LOC,mbtxyZYZMSs,
 ,O,mbtxyZYZMSs,
미술관,O,mbtxyZYZMSs,
 ,O,mbtxyZYZMSs,
투어],O,mbtxyZYZMSs,
오창전시관,B_TOR,mbtxyZYZMSs,
 ,O,mbtxyZYZMSs,
편??(,O,mbtxyZYZMSs,
심안으로 보라 전,O,mbtxyZYZMSs,
시,O,mbtxyZYZMSs,
 ,O,mbtxyZYZMSs,
/,O,mbtxyZYZMSs,
 ,O,mbtxyZYZMSs,
청주,B_LOC,mbtxyZYZMSs,
 ,O,mbtxyZYZMSs,
브이로그,O,mbtxyZYZMSs,
 ,O,mbtxyZYZMSs,
/,O,mbtxyZYZMSs,
 ,O,mbtxyZYZMSs,
오창호수공원,B_TOR,mbtxyZYZMSs,
 ,O,mbtxyZYZMSs,
/,O,mbtxyZYZMSs,
 ,O,mbtxyZYZMSs,
청주시립미술관,B_TOR,mbtxyZYZMSs,
 ,O,mbtxyZYZMSs,
),O,mbtxyZYZMSs,
ㅡㅡㅡ,ㅡㅡㅡ,ㅡㅡㅡ,
[,O,EVfZE1Ap6ro,
VLOG 10.,O,EVfZE1Ap6ro,
],O,EVfZE1Ap6ro,
 ,O,EVfZE1Ap6ro,
#,O,EVfZE1Ap6ro,
일상브이로그,O,EVfZE1Ap6ro,
#맛집브이로그,O,EVfZE1Ap6ro,
 ,O,EVfZE1Ap6ro,
|,O,EVfZE1Ap6ro,
 ,O,EVfZE1Ap6ro,
청주국립현대미술관,B_TOR,EVfZE1Ap6ro,
 ,O,EVfZE1Ap6ro,
/,O,EVfZE1Ap6ro,
 ,O,EVfZE1Ap6ro,
상당산성,B_TOR,EVfZE1Ap6ro,
 ,O,EVfZE1Ap6ro,
/,O,EVfZE1Ap6ro,
 ,O,EVfZE1Ap6ro,
청주,B_LOC,EVfZE1Ap6ro,
맛집(,O,EVfZE1Ap6ro,
내덕분식,B_RES,EVfZE1Ap6ro,
&amp,O,EVfZE1Ap6ro,
;,O,EVfZE1Ap6ro,
왕뚝배기,B_RES,EVfZE1Ap6ro,
),O,EVfZE1Ap6ro,
 ,O,EVfZE1Ap6ro,
/,O,EVfZE1Ap6ro,
 ,O,EVfZE1Ap6ro,
수암골,B_TOR,EVfZE1Ap6ro,
 ,O,EVfZE1Ap6ro,
카페,O,EVfZE1Ap6ro,
 ,O,EVfZE1Ap6ro,
그날,B_CAF,EVfZE1Ap6ro,
제주,I_CAF,EVfZE1Ap6ro,
ㅡㅡㅡ,ㅡㅡㅡ,ㅡㅡㅡ,
[일상,O,tMjojDSjmBs,
 ,O,tMjojDSjmBs,
브이로그],O,tMjojDSjmBs,
 ,O,tMjojDSjmBs,
상당산성,B_TOR,tMjojDSjmBs,
 ,O,tMjojDSjmBs,
피크닉,O,tMjojDSjmBs,
 ,O,tMjojDSjmBs,
|,O,tMjojDSjmBs,
 ,O,tMjojDSjmBs,
가을,O,tMjojDSjmBs,
소풍,O,tMjojDSjmBs,
 ,O,tMjojDSjmBs,
|,O,tMjojDSjmBs,
 ,O,tMjojDSjmBs,
청주,B_LOC,tMjojDSjmBs,
 ,O,tMjojDSjmBs,
수암골,B_TOR,tMjojDSjmBs,
 ,O,tMjojDSjmBs,
그날제주,B_CAF,tMjojDSjmBs,
 ,O,tMjojDSjmBs,
|,O,tMjojDSjmBs,
 ,O,tMjojDSjmBs,
먹고,O,tMjojDSjmBs,
 ,O,tMjojDSjmBs,
놀고,O,tMjojDSjmBs,
 ,O,tMjojDSjmBs,
칠링_picnic,O,tMjojDSjmBs,
 ,O,tMjojDSjmBs,
vlog,O,tMjojDSjmBs,
ㅡㅡㅡ,ㅡㅡㅡ,ㅡㅡㅡ,
[VLOG],O,p_oT-yqokSw,
 ,O,p_oT-yqokSw,
천안,B_TOR,p_oT-yqokSw,
",",O,p_oT-yqokSw,
 ,O,p_oT-yqokSw,
청주,B_LOC,p_oT-yqokSw,
 ,O,p_oT-yqokSw,
맛집,O,p_oT-yqokSw,
 ,O,p_oT-yqokSw,
카페,O,p_oT-yqokSw,
 ,O,p_oT-yqokSw,
가는,O,p_oT-yqokSw,
 ,O,p_oT-yqokSw,
일상브이로그 ??,O,p_oT-yqokSw,
 ,O,p_oT-yqokSw,
|,O,p_oT-yqokSw,
 ,O,p_oT-yqokSw,
소로리,B_RES,p_oT-yqokSw,
 ,O,p_oT-yqokSw,
|,O,p_oT-yqokSw,
 ,O,p_oT-yqokSw,
프럼브릿지,O,p_oT-yqokSw,
 ,O,p_oT-yqokSw,
|,O,p_oT-yqokSw,
 ,O,p_oT-yqokSw,
컴포트커피,O,p_oT-yqokSw,
ㅡㅡㅡ,ㅡㅡㅡ,ㅡㅡㅡ,
[vlog],O,H0XbLMp2aPk,
 ,O,H0XbLMp2aPk,
청주,B_LOC,H0XbLMp2aPk,
데이트,O,H0XbLMp2aPk,
 ,O,H0XbLMp2aPk,
|,O,H0XbLMp2aPk,
 ,O,H0XbLMp2aPk,
청주,B_LOC,H0XbLMp2aPk,
브이로그,O,H0XbLMp2aPk,
 ,O,H0XbLMp2aPk,
|,O,H0XbLMp2aPk,
 ,O,H0XbLMp2aPk,
청주,B_LOC,H0XbLMp2aPk,
카페,O,H0XbLMp2aPk,
 ,O,H0XbLMp2aPk,
|,O,H0XbLMp2aPk,
 ,O,H0XbLMp2aPk,
청주,B_LOC,H0XbLMp2aPk,
맛집,O,H0XbLMp2aPk,
 ,O,H0XbLMp2aPk,
|,O,H0XbLMp2aPk,
 ,O,H0XbLMp2aPk,
일상,O,H0XbLMp2aPk,
 ,O,H0XbLMp2aPk,
|,O,H0XbLMp2aPk,
 ,O,H0XbLMp2aPk,
데이트브이로그,O,H0XbLMp2aPk,
 ,O,H0XbLMp2aPk,
|,O,H0XbLMp2aPk,
 ,O,H0XbLMp2aPk,
수암골,B_TOR,H0XbLMp2aPk,
 ,O,H0XbLMp2aPk,
|,O,H0XbLMp2aPk,
 ,O,H0XbLMp2aPk,
닭떡볶이,O,H0XbLMp2aPk,
 ,O,H0XbLMp2aPk,
|,O,H0XbLMp2aPk,
 ,O,H0XbLMp2aPk,
아메리카노,O,H0XbLMp2aPk,
 ,O,H0XbLMp2aPk,
|,O,H0XbLMp2aPk,
 ,O,H0XbLMp2aPk,
디저트,O,H0XbLMp2aPk,
ㅡㅡㅡ,ㅡㅡㅡ,ㅡㅡㅡ,
[Vlo,O,NyrbbETVGNE,
g],O,NyrbbETVGNE,
 ,O,NyrbbETVGNE,
일상,O,NyrbbETVGNE,
 ,O,NyrbbETVGNE,
브이로그,O,NyrbbETVGNE,
 ,O,NyrbbETVGNE,
오늘의집,O,NyrbbETVGNE,
 ,O,NyrbbETVGNE,
언박싱/,O,NyrbbETVGNE,
청주,B_LOC,NyrbbETVGNE,
/,O,NyrbbETVGNE,
자취생,O,NyrbbETVGNE,
 ,O,NyrbbETVGNE,
브이로그/진진짜라/셀프쏙오프/,O,NyrbbETVGNE,
또,O,NyrbbETVGNE,
담/,O,NyrbbETVGNE,
소소로와,B_TOR,NyrbbETVGNE,
/,O,NyrbbETVGNE,
소로리,B_RES,NyrbbETVGNE,
ㅡㅡㅡ,ㅡㅡㅡ,ㅡㅡㅡ,
Vlog#26/,O,Rr1iyBSzA4o,
 ,O,Rr1iyBSzA4o,
브이로그라,O,Rr1iyBSzA4o,
 ,O,Rr1iyBSzA4o,
쓰고,O,Rr1iyBSzA4o,
 ,O,Rr1iyBSzA4o,
청주카페투,O,Rr1iyBSzA4o,
어라,O,Rr1iyBSzA4o,
 ,O,Rr1iyBSzA4o,
읽는다?/,O,Rr1iyBSzA4o,
에이커,B_CAF,Rr1iyBSzA4o,
/,O,Rr1iyBSzA4o,
위드포레스트,B_CAF,Rr1iyBSzA4o,
/,O,Rr1iyBSzA4o,
아트빈,B_CAF,Rr1iyBSzA4o,
/,O,Rr1iyBSzA4o,
하우스하이드,B_CAF,Rr1iyBSzA4o,
/,O,Rr1iyBSzA4o,
스타벅스,O,Rr1iyBSzA4o,
/,O,Rr1iyBSzA4o,
좋은아침,B_CAF,Rr1iyBSzA4o,
/,O,Rr1iyBSzA4o,
세종아우어,O,Rr1iyBSzA4o,
/덤으로,O,Rr1iyBSzA4o,
 ,O,Rr1iyBSzA4o,
추석,O,Rr1iyBSzA4o,
준비브이로그까지??,O,Rr1iyBSzA4o,
ㅡㅡㅡ,ㅡㅡㅡ,ㅡㅡㅡ,
약사,O,qx2axbE9mv0,
일상,O,qx2axbE9mv0,
 ,O,qx2axbE9mv0,
|,O,qx2axbE9mv0,
 ,O,qx2axbE9mv0,
직장인,O,qx2axbE9mv0,
 ,O,qx2axbE9mv0,
브이로그,O,qx2axbE9mv0,
 ,O,qx2axbE9mv0,
|,O,qx2axbE9mv0,
 ,O,qx2axbE9mv0,
6월,O,qx2axbE9mv0,
의,O,qx2axbE9mv0,
 ,O,qx2axbE9mv0,
일상,O,qx2axbE9mv0,
 ,O,qx2axbE9mv0,
|,O,qx2axbE9mv0,
 ,O,qx2axbE9mv0,
자라,O,qx2axbE9mv0,
",",O,qx2axbE9mv0,
 ,O,qx2axbE9mv0,
청주,B_LOC,qx2axbE9mv0,
",",O,qx2axbE9mv0,
 ,O,qx2axbE9mv0,
"카페,",O,qx2axbE9mv0,
 ,O,qx2axbE9mv0,
"일상,",O,qx2axbE9mv0,
 ,O,qx2axbE9mv0,
딥디크,O,qx2axbE9mv0,
",",O,qx2axbE9mv0,
 ,O,qx2axbE9mv0,
탐다오,O,qx2axbE9mv0,
",",O,qx2axbE9mv0,
 ,O,qx2axbE9mv0,
수암골,B_TOR,qx2axbE9mv0,
ㅡㅡㅡ,ㅡㅡㅡ,ㅡㅡㅡ,
[일상],O,W-DtsYG_Dd8,
 ,O,W-DtsYG_Dd8,
일상브이로그,O,W-DtsYG_Dd8,
 ,O,W-DtsYG_Dd8,
/,O,W-DtsYG_Dd8,
 ,O,W-DtsYG_Dd8,
대학생,O,W-DtsYG_Dd8,
일상,O,W-DtsYG_Dd8,
 ,O,W-DtsYG_Dd8,
/,O,W-DtsYG_Dd8,
 ,O,W-DtsYG_Dd8,
청주,B_LOC,W-DtsYG_Dd8,
카페,O,W-DtsYG_Dd8,
 ,O,W-DtsYG_Dd8,
/,O,W-DtsYG_Dd8,
 ,O,W-DtsYG_Dd8,
수암골,B_TOR,W-DtsYG_Dd8,
 ,O,W-DtsYG_Dd8,
야경,O,W-DtsYG_Dd8,
 ,O,W-DtsYG_Dd8,
/,O,W-DtsYG_Dd8,
 ,O,W-DtsYG_Dd8,
오지,O,W-DtsYG_Dd8,
 ,O,W-DtsYG_Dd8,
/,O,W-DtsYG_Dd8,
 ,O,W-DtsYG_Dd8,
팔방미인,O,W-DtsYG_Dd8,
 ,O,W-DtsYG_Dd8,
/,O,W-DtsYG_Dd8,
ㅡㅡㅡ,ㅡㅡㅡ,ㅡㅡㅡ,
[vlog],O,xklCKD3xm5U,
청주,B_LOC,xklCKD3xm5U,
 ,O,xklCKD3xm5U,
브이로그/,O,xklCKD3xm5U,
청주,B_LOC,xklCKD3xm5U,
여행/,O,xklCKD3xm5U,
애,B_TOR,xklCKD3xm5U,
니멀,I_TOR,xklCKD3xm5U,
빌리지/,I_TOR,xklCKD3xm5U,
라토커피,B_CAF,xklCKD3xm5U,
/,O,xklCKD3xm5U,
카,B_CAF,xklCKD3xm5U,
페오지,I_CAF,xklCKD3xm5U,
/,O,xklCKD3xm5U,
상당산성,B_TOR,xklCKD3xm5U,
/,O,xklCKD3xm5U,
수암골,B_TOR,xklCKD3xm5U,
ㅡㅡㅡ,ㅡㅡㅡ,ㅡㅡㅡ,
청주,B_LOC,F7dBvk-fTos,
 ,O,F7dBvk-fTos,
수암골,B_TOR,F7dBvk-fTos,
 ,O,F7dBvk-fTos,
나들이,O,F7dBvk-fTos,
 ,O,F7dBvk-fTos,
/,O,F7dBvk-fTos,
 ,O,F7dBvk-fTos,
주말,O,F7dBvk-fTos,
 ,O,F7dBvk-fTos,
/,O,F7dBvk-fTos,
 ,O,F7dBvk-fTos,
vlog,O,F7dBvk-fTos,
ㅡㅡㅡ,ㅡㅡㅡ,ㅡㅡㅡ,
